name,location,address,lon,lat,tags
레인카페,조치원읍,세종특별자치시 세종특별자치시 조치원읍 조치원8길 16,127.30045319863,36.6009063463487,#카페 #세종
호미빙,조치원읍,세종특별자치시 세종특별자치시 조치원읍 내창3길 24,127.289260257392,36.6084225038727,#카페 #세종
태선taeil&sunny,도담동,세종특별자치시 세종특별자치시 보듬4로 9,127.260705775683,36.5131200741657,#카페 #세종
빽다방세종한뜰마을,어진동,세종특별자치시 세종특별자치시 다솜1로 21,127.256120154559,36.500369658425,#카페 #세종
커피생각,어진동,세종특별자치시 세종특별자치시 도움8로 81,127.270645302959,36.5046090669854,#카페 #세종
샵디저트712,고운동,세종특별자치시 세종특별자치시 마음안로 161,127.23377685631,36.5161226601058,#카페 #세종
카페48블럭,어진동,세종특별자치시 세종특별자치시 가름로 180,127.259871941943,36.4974508123465,#카페 #세종
양지다방,금남면,세종특별자치시 세종특별자치시 금남면 용포로 74,127.281285381526,36.4651047499518,#카페 #세종
더베이크세종더블유몰점,어진동,세종특별자치시 세종특별자치시 도움3로 19,127.258081866989,36.5028976775363,#카페 #세종
비올라,어진동,세종특별자치시 세종특별자치시 가름로 143,127.256327980609,36.4990805594857,#카페 #세종
커피향,전동면,세종특별자치시 세종특별자치시 전동면 운주산로 352,127.267150776212,36.653593977561,#카페 #세종
파펠커피,소담동,세종특별자치시 세종특별자치시 소담8로 22,127.300070595503,36.487533884808,#카페 #세종
유러브니팅커피,나성동,세종특별자치시 세종특별자치시 중앙공원서로 10,127.264439256513,36.4882760147841,#카페 #세종
위치커피연동점,연동면,세종특별자치시 세종특별자치시 연동면 청연로 584,127.326330377663,36.556736407291,#카페 #세종
커피베이,조치원읍,세종특별자치시 세종특별자치시 조치원읍 대첩로 75,127.287923964162,36.5947284182185,#카페 #세종
봄비와씨앗,종촌동,세종특별자치시 세종특별자치시 도움3로 105-7,127.249648446446,36.5045196792352,#카페 #세종
지하다방,부강면,세종특별자치시 세종특별자치시 부강면 부촌길 35-1,127.366915626893,36.5294218270668,#카페 #세종
블루포트한국영상대학교점,장군면,세종특별자치시 세종특별자치시 장군면 대학길 300,127.209740805703,36.4624132616539,#카페 #세종
르쁘띠파티세리,소담동,세종특별자치시 세종특별자치시 소담8로 22,127.300070595503,36.487533884808,#카페 #세종
옴누스,고운동,세종특별자치시 세종특별자치시 만남로 136,127.240069871394,36.5113610801932,#카페 #세종
끌림,조치원읍,세종특별자치시 세종특별자치시 조치원읍 죽림로 34,127.295299887355,36.5918357331864,#카페 #세종
나우커피세종새롬점,새롬동,세종특별자치시 세종특별자치시 새롬북로 13,127.245885557963,36.4865043636633,#카페 #세종
지앤지인터내셔널,나성동,세종특별자치시 세종특별자치시 한누리대로 234,127.25911820114,36.4856202622605,#카페 #세종
블루샥나성점,나성동,세종특별자치시 세종특별자치시 한누리대로 234,127.25911820114,36.4856202622605,#카페 #세종
은가비,어진동,세종특별자치시 세종특별자치시 가름로 170-14,127.258530933292,36.4969580898835,#카페 #세종
테이크아웃커피,소정면,세종특별자치시 세종특별자치시 소정면 세종로 4738,127.168433005306,36.7318121542694,#카페 #세종
파스콜로,반곡동,세종특별자치시 세종특별자치시 국책연구원2로 18,127.301611796272,36.4907020690608,#카페 #세종
제하,소담동,세종특별자치시 세종특별자치시 국책연구원1로 15,127.300551773396,36.490758813227,#카페 #세종
예닮,소정면,세종특별자치시 세종특별자치시 소정면 세종로 4249,127.153683516822,36.6954266641339,#카페 #세종
해바비,소정면,세종특별자치시 세종특별자치시 소정면 대사동길 156-79,127.167247556199,36.7117367927737,#카페 #세종
메이빈,보람동,세종특별자치시 세종특별자치시 시청대로 127,127.286080549014,36.479674107391,#카페 #세종
그로서리스터프,새롬동,세종특별자치시 세종특별자치시 새롬중앙로 63,127.250260337055,36.4865403264581,#카페 #세종
클린커피,보람동,세종특별자치시 세종특별자치시 한누리대로 2144,127.28796311288,36.4787864444893,#카페 #세종
어반달리,전의면,세종특별자치시 세종특별자치시 전의면 왕의물로 217-15,127.208454604815,36.69811884067,#카페 #세종
사계공존,연서면,세종특별자치시 세종특별자치시 연서면 부국길 8-63,127.271836584179,36.5643435979211,#카페 #세종
카페바이민,금남면,세종특별자치시 세종특별자치시 금남면 발산1길 52,127.284978373443,36.455985251905,#카페 #세종
에떼,도담동,세종특별자치시 세종특별자치시 보듬3로 6,127.258806404858,36.5126556101733,#카페 #세종
호라이즌,고운동,세종특별자치시 세종특별자치시 마음로 230,127.231883135908,36.517523144395,#카페 #세종
이디야세종,보람동,세종특별자치시 세종특별자치시 호려울로 45,127.290014253736,36.4782317708089,#카페 #세종
공차,조치원읍,세종특별자치시 세종특별자치시 조치원읍 조치원1길 6,127.297515833033,36.6014273646985,#카페 #세종
설빙,조치원읍,세종특별자치시 세종특별자치시 조치원읍 행복12길 3,127.292942148807,36.6037095655786,#카페 #세종
양와당,보람동,세종특별자치시 세종특별자치시 한누리대로 2150,127.287326039133,36.4785086210739,#카페 #세종
카페비일상,금남면,세종특별자치시 세종특별자치시 금남면 호탄길 48,127.298720354102,36.4730286345232,#카페 #세종
카페솔드아웃,조치원읍,세종특별자치시 세종특별자치시 조치원읍 행복6길 34,127.293072182059,36.6055836150044,#카페 #세종
다온나협동조합,조치원읍,세종특별자치시 세종특별자치시 조치원읍 충현로 155-15,127.294468205227,36.6023540958788,#카페 #세종
그양반네,세종동,세종특별자치시 세종특별자치시 다솜로 216,127.270078222021,36.4988159249614,#카페 #세종
퀸즈더세종,조치원읍,세종특별자치시 세종특별자치시 조치원읍 장안1길 5,127.302029427362,36.6010014875923,#카페 #세종
커피공주,보람동,세종특별자치시 세종특별자치시 한누리대로 2144,127.28796311288,36.4787864444893,#카페 #세종
향함가게,한솔동,세종특별자치시 세종특별자치시 누리로 106,127.2525376099,36.4798669575457,#카페 #세종
평리작은커피,조치원읍,세종특별자치시 세종특별자치시 조치원읍 문화로 16-1,127.301154213316,36.6029862086272,#카페 #세종
중앙다실,전의면,세종특별자치시 세종특별자치시 전의면 운주산로 1197,127.203872777761,36.6792841870059,#카페 #세종
예가807BAKECAFE,조치원읍,세종특별자치시 세종특별자치시 조치원읍 은행나무1길 42,127.292648002705,36.5909321213511,#카페 #세종
단콩,조치원읍,세종특별자치시 세종특별자치시 조치원읍 섭골길 35-4,127.289202372688,36.6138745299198,#카페 #세종
이디아커피세종시어진동점,어진동,세종특별자치시 세종특별자치시 도움8로 11-11,127.262797201934,36.5076454807569,#카페 #세종
그로잉닷,아름동,세종특별자치시 세종특별자치시 아름서1길 13-1,127.242558287147,36.5110316309308,#카페 #세종
에브리선데이커피,연서면,세종특별자치시 세종특별자치시 연서면 안산길 76,127.233924852107,36.6022990692749,#카페 #세종
할리스커피세종,보람동,세종특별자치시 세종특별자치시 시청대로 167,127.289902956208,36.4813049898202,#카페 #세종
달달콩,도담동,세종특별자치시 세종특별자치시 보듬2로 42,127.266492602621,36.5110436451498,#카페 #세종
케치브루잉,소담동,세종특별자치시 세종특별자치시 한누리대로 2012,127.299849979679,36.4853085823593,#카페 #세종
스윗클라우드,아름동,세종특별자치시 세종특별자치시 보듬3로 95,127.24891138949,36.5113880172092,#카페 #세종
카페가가,조치원읍,세종특별자치시 세종특별자치시 조치원읍 새내로 76,127.298734764383,36.5987118854997,#카페 #세종
세종국수,나성동,세종특별자치시 세종특별자치시 한누리대로 201,127.260045552379,36.4826083773265,#카페 #세종
엠카페,보람동,세종특별자치시 세종특별자치시 시청대로 209,127.293258125946,36.4832793380163,#카페 #세종
에스디인터내셔날나인블럭,어진동,세종특별자치시 세종특별자치시 가름로 180,127.259871941943,36.4974508123465,#카페 #세종
보비스쿰,어진동,세종특별자치시 세종특별자치시 갈매로 408,127.265536463312,36.4991144894689,#카페 #세종
더카라멜,어진동,세종특별자치시 세종특별자치시 절재로 172,127.260175571403,36.5081378504265,#카페 #세종
우재,연동면,세종특별자치시 세종특별자치시 연동면 태산로 71-114,127.359740556555,36.5256047900711,#카페 #세종
비비,어진동,세종특별자치시 세종특별자치시 도움8로 91,127.271748770269,36.5041469697027,#카페 #세종
카페잎새달,보람동,세종특별자치시 세종특별자치시 호려울로 45,127.290014253736,36.4782317708089,#카페 #세종
딥퍼플,나성동,세종특별자치시 세종특별자치시 나성북로 21,127.258942463129,36.4898200373767,#카페 #세종
텐퍼센트커피세종,어진동,세종특별자치시 세종특별자치시 절재로 194,127.262453375785,36.5083040803035,#카페 #세종
디그레이,장군면,세종특별자치시 세종특별자치시 장군면 장기로 854-20,127.229940879949,36.498764858812,#카페 #세종
세종앨리,보람동,세종특별자치시 세종특별자치시 시청대로 163,127.289422449002,36.4811259246567,#카페 #세종
복다방,조치원읍,세종특별자치시 세종특별자치시 조치원읍 조치원5길 5,127.299204214609,36.601621388584,#카페 #세종
수왕로465,연기면,세종특별자치시 세종특별자치시 연기면 수왕로 465,127.229342894954,36.5419853115349,#카페 #세종
계원용담,금남면,세종특별자치시 세종특별자치시 금남면 안금로 257,127.284098081031,36.4225992172432,#카페 #세종
카페예울,나성동,세종특별자치시 세종특별자치시 국립박물관로 21,127.267434951779,36.4864219656854,#카페 #세종
카메라떼세종첫,한솔동,세종특별자치시 세종특별자치시 누리로 65,127.249318122628,36.4780804210522,#카페 #세종
홍커피,조치원읍,세종특별자치시 세종특별자치시 조치원읍 섭골길 31,127.289738987475,36.6138912491455,#카페 #세종
대운다방,연기면,세종특별자치시 세종특별자치시 연기면 당산로 118-1,127.276858873482,36.544245475015,#카페 #세종
뉴올드커피컴퍼니,보람동,세종특별자치시 세종특별자치시 한누리대로 2150,127.287326039133,36.4785086210739,#카페 #세종
힐링아리,전동면,세종특별자치시 세종특별자치시 전동면 죽엽이길 27-7,127.280114937141,36.6726681618724,#카페 #세종
멜로마카롱스세종남리점,조치원읍,세종특별자치시 세종특별자치시 조치원읍 산책2길 45,127.301928089543,36.5950722445449,#카페 #세종
카페가가,조치원읍,세종특별자치시 세종특별자치시 조치원읍 새내로 108,127.298411044893,36.6017134911547,#카페 #세종
미카페,조치원읍,세종특별자치시 세종특별자치시 조치원읍 새내로 90,127.29849372038,36.5999650735858,#카페 #세종
세종에프씨주,소담동,세종특별자치시 세종특별자치시 한누리대로 1958,127.302199023243,36.4896011728147,#카페 #세종
로터슨,어진동,세종특별자치시 세종특별자치시 도움8로 91,127.271748770269,36.5041469697027,#카페 #세종
백씨네가게,금남면,세종특별자치시 세종특별자치시 금남면 용포로 52,127.280843575568,36.4632493997375,#카페 #세종
커피에반하다24,어진동,세종특별자치시 세종특별자치시 갈매로 353,127.262432847302,36.4956068486119,#카페 #세종
메가커피세종새롬점,새롬동,세종특별자치시 세종특별자치시 새롬중앙로 51,127.250491414214,36.4855215332104,#카페 #세종
아리랑다방,금남면,세종특별자치시 세종특별자치시 금남면 대평시장1길 25,127.282231427426,36.4675536721743,#카페 #세종
아마스빈세종새롬점,새롬동,세종특별자치시 세종특별자치시 새롬중앙로 62-15,127.251232489514,36.4869257814145,#카페 #세종
커스텀커피세종,어진동,세종특별자치시 세종특별자치시 도움8로 11-11,127.262797201934,36.5076454807569,#카페 #세종
라포레스타,연서면,세종특별자치시 세종특별자치시 연서면 대첩로 130,127.28141186487,36.595600055307,#카페 #세종
썸머커피라운지,나성동,세종특별자치시 세종특별자치시 한누리대로 253,127.257224934116,36.4867958635294,#카페 #세종
써밋뷰,보람동,세종특별자치시 세종특별자치시 시청대로 137,127.286773587994,36.4799968608105,#카페 #세종
보비스쿰커피랩,반곡동,세종특별자치시 세종특별자치시 남세종로 263,127.309810225038,36.4811648505763,#카페 #세종
아늑카페,조치원읍,세종특별자치시 세종특별자치시 조치원읍 군청로 86,127.293871141979,36.5922718119908,#카페 #세종
이디야조치원,조치원읍,세종특별자치시 세종특별자치시 조치원읍 세종로 2282,127.292112089794,36.5910595956963,#카페 #세종
씨에프산업,소담동,세종특별자치시 세종특별자치시 남세종로 358,127.298131794099,36.4825012773655,#카페 #세종
브런치카페,조치원읍,세종특별자치시 세종특별자치시 조치원읍 행복12길 3,127.292942148807,36.6037095655786,#카페 #세종
로트나인커피앤코,보람동,세종특별자치시 세종특별자치시 호려울로 19,127.288906345252,36.4773693462483,#카페 #세종
호구커피,나성동,세종특별자치시 세종특별자치시 한누리대로 321,127.255783411452,36.4930079351751,#카페 #세종
커피체리,전의면,세종특별자치시 세종특별자치시 전의면 운주산로 1185,127.205360464794,36.6791825065458,#카페 #세종
플랜비커피로스터즈히어로스터스,고운동,세종특별자치시 세종특별자치시 마음로 242,127.232745049859,36.5182784346211,#카페 #세종
아테나공동체,조치원읍,세종특별자치시 세종특별자치시 조치원읍 군청로 100,127.293663871262,36.5936060111664,#카페 #세종
진성,가람동,세종특별자치시 세종특별자치시 금송로 589,127.244344026258,36.4647084805486,#카페 #세종
로엘라,조치원읍,세종특별자치시 세종특별자치시 조치원읍 조치원7길 12,127.300703726237,36.6021042297697,#카페 #세종
삼맛카페,조치원읍,세종특별자치시 세종특별자치시 조치원읍 모과나무길 34,127.284833289836,36.6082259051842,#카페 #세종
다복이네카페,부강면,세종특별자치시 세종특별자치시 부강면 부강1길 27,127.367638939376,36.5312579421122,#카페 #세종
선진제닉스투썸플레이스,다정동,세종특별자치시 세종특별자치시 다정중앙로 45,127.248600434433,36.4944379335418,#카페 #세종
스카비피카,보람동,세종특별자치시 세종특별자치시 한누리대로 2165,127.286462382431,36.4773031452894,#카페 #세종
오후네시,대평동,세종특별자치시 세종특별자치시 한누리대로 2236,127.277222867688,36.4740988181959,#카페 #세종
초이한옥초이카페,장군면,세종특별자치시 세종특별자치시 장군면 대교해솔2길 2,127.211746942909,36.5026825202202,#카페 #세종
카페소풍커피바비큐,장군면,세종특별자치시 세종특별자치시 장군면 비학실길 141-44,127.225892991776,36.4808485636038,#카페 #세종
위드어썸,나성동,세종특별자치시 세종특별자치시 나성로 96,127.26100060885,36.487878065118,#카페 #세종
넘버트웰브,전동면,세종특별자치시 세종특별자치시 전동면 깊은내길 211,127.253971742683,36.6420432430425,#카페 #세종
울투라커피컴퍼니,반곡동,세종특별자치시 세종특별자치시 국책연구원3로 12,127.303258899254,36.4923740440343,#카페 #세종
커피앤바우,장군면,세종특별자치시 세종특별자치시 장군면 장기로 650-7,127.210762482278,36.4895183584713,#카페 #세종
투썸플레이스세종,조치원읍,세종특별자치시 세종특별자치시 조치원읍 행복5길 23,127.292209387616,36.605009004737,#카페 #세종
캘린더,조치원읍,세종특별자치시 세종특별자치시 조치원읍 내창1길 32-1,127.290299947324,36.6084740440436,#카페 #세종
디저트39세종,소담동,세종특별자치시 세종특별자치시 소담3로 8,127.30052198973,36.4859377015496,#카페 #세종
골드리버,부강면,세종특별자치시 세종특별자치시 부강면 부강금호로 341,127.354976504603,36.5019458241006,#카페 #세종
컴포즈커피세종,보람동,세종특별자치시 세종특별자치시 한누리대로 2143,127.288451387653,36.4780553271129,#카페 #세종
풀립커피,대평동,세종특별자치시 세종특별자치시 대평1길 37,127.275991088834,36.4697130267166,#카페 #세종
성동길23,금남면,세종특별자치시 세종특별자치시 금남면 성동길 23,127.347690809621,36.4576844521854,#카페 #세종
라고바움,어진동,세종특별자치시 세종특별자치시 다솜로 185,127.269156021925,36.4968084317969,#카페 #세종
호양,금남면,세종특별자치시 세종특별자치시 금남면 성덕영곡길 164-1,127.264221711005,36.4537800980579,#카페 #세종
에이치16,연서면,세종특별자치시 세종특별자치시 연서면 복골길 16,127.243239697582,36.6145088851636,#카페 #세종
빽다방세종아름점,아름동,세종특별자치시 세종특별자치시 보듬3로 92,127.24947123446,36.5119095170718,#카페 #세종
소소루,금남면,세종특별자치시 세종특별자치시 금남면 바람재로 440,127.323869408052,36.4486767736294,#카페 #세종
아마스빈,도담동,세종특별자치시 세종특별자치시 보듬4로 9,127.260705775683,36.5131200741657,#카페 #세종
줌갤러리카페,연서면,세종특별자치시 세종특별자치시 연서면 도신고복로 1227,127.262330405214,36.5908765428651,#카페 #세종
카페루트오,아름동,세종특별자치시 세종특별자치시 바른3길 46,127.252579866608,36.5203738163212,#카페 #세종
카페이노스나성점,나성동,세종특별자치시 세종특별자치시 한누리대로 249,127.257458067659,36.4864258861101,#카페 #세종
베리힐,나성동,세종특별자치시 세종특별자치시 한누리대로 227,127.258490686376,36.4848466275564,#카페 #세종
이디야아름동점,아름동,세종특별자치시 세종특별자치시 보듬3로 100,127.248622929287,36.5119473342446,#카페 #세종
초코랩,어진동,세종특별자치시 세종특별자치시 갈매로 353,127.262432847302,36.4956068486119,#카페 #세종
전원마을이야기,장군면,세종특별자치시 세종특별자치시 장군면 전원마을2길 84,127.221467543691,36.4432693902564,#카페 #세종
훈민정음,조치원읍,세종특별자치시 세종특별자치시 조치원읍 내창3길 6-2,127.289477775056,36.6068089375413,#카페 #세종
솔라피데,나성동,세종특별자치시 세종특별자치시 한누리대로 201,127.260045552379,36.4826083773265,#카페 #세종
콜다방,금남면,세종특별자치시 세종특별자치시 금남면 대평시장2길 19,127.282329814774,36.4669947202669,#카페 #세종
카페소풍,조치원읍,세종특별자치시 세종특별자치시 조치원읍 신흥샛터1길 15-5,127.292884944076,36.5974467858095,#카페 #세종
밤스라떼,집현동,세종특별자치시 세종특별자치시 집현중앙7로 6,127.330439320669,36.4986099472331,#카페 #세종
더디쉬밀앤커피,종촌동,세종특별자치시 세종특별자치시 도움1로 106,127.248124929699,36.5028196741882,#카페 #세종
이디야커피세종나성점,나성동,세종특별자치시 세종특별자치시 나성북1로 12,127.257485540998,36.4913551571734,#카페 #세종
그레인,나성동,세종특별자치시 세종특별자치시 나성북로 30,127.260256176784,36.4888619525968,#카페 #세종
사랑방다실,조치원읍,세종특별자치시 세종특별자치시 조치원읍 문화로 7,127.300883142925,36.6022569706058,#카페 #세종
노크,조치원읍,세종특별자치시 세종특별자치시 조치원읍 토골고개길 13,127.290085798668,36.6229197980511,#카페 #세종
애플카페,부강면,세종특별자치시 세종특별자치시 부강면 부강로 29-4,127.366231113251,36.5287030121359,#카페 #세종
가베서림,금남면,세종특별자치시 세종특별자치시 금남면 안금로 241,127.284784745319,36.4213179246627,#카페 #세종
미스터빈커피로스터스,고운동,세종특별자치시 세종특별자치시 고운서길 13,127.234548472845,36.5054514769251,#카페 #세종
더드림커피,조치원읍,세종특별자치시 세종특별자치시 조치원읍 섭골길 96,127.285966691032,36.6185231964312,#카페 #세종
티카페,장군면,세종특별자치시 세종특별자치시 장군면 소미길 7,127.223687348596,36.497713382495,#카페 #세종
아마스빈,다정동,세종특별자치시 세종특별자치시 다정중앙로 39,127.248654913885,36.4940232879542,#카페 #세종
일랑일랑,연기면,세종특별자치시 세종특별자치시 연기면 연기길 28-11,127.279890579634,36.5456712237825,#카페 #세종
잇츠,소담동,세종특별자치시 세종특별자치시 국책연구원1로 15,127.299849748523,36.4910399378629,#카페 #세종
행복오길커피볶는행복오길,조치원읍,세종특별자치시 세종특별자치시 조치원읍 행복5길 31-1,127.293137606541,36.605150907428,#카페 #세종
스테디커피,금남면,세종특별자치시 세종특별자치시 금남면 금남구즉로 42,127.285209827623,36.47044832591,#카페 #세종
아멜린힐,종촌동,세종특별자치시 세종특별자치시 도움1로 108,127.24763333712,36.5026765107161,#카페 #세종
커피베이세종,소담동,세종특별자치시 세종특별자치시 소담8로 22,127.300070595503,36.487533884808,#카페 #세종
설빙,아름동,세종특별자치시 세종특별자치시 보듬3로 91,127.249569911524,36.5113505951846,#카페 #세종
세종카페,보람동,세종특별자치시 세종특별자치시 시청대로 78,127.280591000973,36.4767493650795,#카페 #세종
오뜨몽드,연서면,세종특별자치시 세종특별자치시 연서면 대첩로 148-5,127.279802178184,36.5954866967644,#카페 #세종
모어,소담동,세종특별자치시 세종특별자치시 한누리대로 2009,127.300707872838,36.4849459607446,#카페 #세종
벌크커피세종나성점,나성동,세종특별자치시 세종특별자치시 국세청로 45,127.262524993243,36.4898392436651,#카페 #세종
코어즈,소정면,세종특별자치시 세종특별자치시 소정면 소정구길 188,127.157450253737,36.7207523881063,#카페 #세종
타르트엘,고운동,세종특별자치시 세종특별자치시 마음안로 157,127.233452205776,36.5158259151989,#카페 #세종
디저트39세종해밀점,해밀동,세종특별자치시 세종특별자치시 해밀3로 32,127.267225298374,36.5293353987815,#카페 #세종
울투라커피컴퍼니아름점,아름동,세종특별자치시 세종특별자치시 세종로 1234-8,127.242239437505,36.5126002870034,#카페 #세종
바다,어진동,세종특별자치시 세종특별자치시 도움8로 11-11,127.262797201934,36.5076454807569,#카페 #세종
카페공오공삼,전의면,세종특별자치시 세종특별자치시 전의면 운주산로 1183-2,127.205750854291,36.6787402792296,#카페 #세종
나사스크린골프,반곡동,세종특별자치시 세종특별자치시 국책연구원2로 18,127.308236298484,36.4923072201351,#카페 #세종
하늘정원까페,고운동,세종특별자치시 세종특별자치시 마음안1로 155,127.234396287128,36.5179147399974,#카페 #세종
록시드갸토세종어반아트리움점,나성동,세종특별자치시 세종특별자치시 나성북로 30,127.260256176784,36.4888619525968,#카페 #세종
업소명없음,장군면,세종특별자치시 세종특별자치시 장군면 황미창말길 84-13,127.182589976112,36.5401285851924,#카페 #세종
빽다방세종어반아트리움점,나성동,세종특별자치시 세종특별자치시 나성북로 30,127.260256176784,36.4888619525968,#카페 #세종
강언덕에서,금남면,세종특별자치시 세종특별자치시 금남면 황토고개길 30-1,127.233087210537,36.4499068715437,#카페 #세종
페이버디저트하우스,반곡동,세종특별자치시 세종특별자치시 국책연구원3로 12,127.303180248423,36.4922390705508,#카페 #세종
코이,어진동,세종특별자치시 세종특별자치시 가름로 232,127.264910667014,36.4956193959394,#카페 #세종
아르스갤러리,장군면,세종특별자치시 세종특별자치시 장군면 황미창말길 84-13,127.182589976112,36.5401285851924,#카페 #세종
폴앤니나,다정동,세종특별자치시 세종특별자치시 가온로 10,127.254618863183,36.4918389221396,#카페 #세종
팔공티새롬점,새롬동,세종특별자치시 세종특별자치시 새롬로 32,127.255619341638,36.4872318695378,#카페 #세종
투썸플레이스세종범지기,아름동,세종특별자치시 세종특별자치시 보듬3로 92,127.24947123446,36.5119095170718,#카페 #세종
원영카페,조치원읍,세종특별자치시 세종특별자치시 조치원읍 문화로 21,127.300642227985,36.6035371960872,#카페 #세종
커피베이조치원역점,조치원읍,세종특별자치시 세종특별자치시 조치원읍 충현로 141,127.29484305901,36.601001459983,#카페 #세종
나남,연서면,세종특별자치시 세종특별자치시 연서면 도신고복로 587,127.227034532546,36.6003929643414,#카페 #세종
공주밤빵커피스토리,어진동,세종특별자치시 세종특별자치시 절재로 194,127.262453375785,36.5083040803035,#카페 #세종
텐퍼센트커피세종,어진동,세종특별자치시 세종특별자치시 다솜1로 21,127.256120154559,36.500369658425,#카페 #세종
파스쿠찌,고운동,세종특별자치시 세종특별자치시 마음로 272-5,127.235997434209,36.5194435434318,#카페 #세종
라포레스트,반곡동,세종특별자치시 세종특별자치시 반곡로 14,127.305732749116,36.4970807729841,#카페 #세종
이디야커피세종시고운동점,고운동,세종특별자치시 세종특별자치시 마음로 67,127.232782907289,36.5048241262982,#카페 #세종
봄봄,조치원읍,세종특별자치시 세종특별자치시 조치원읍 조치원로 20,127.298866944509,36.6011085853985,#카페 #세종
빽다방세종,소담동,세종특별자치시 세종특별자치시 한누리대로 2016,127.299636837526,36.4850207475633,#카페 #세종
가비향,전동면,세종특별자치시 세종특별자치시 전동면 배일길 90-43,127.259329135178,36.6757159983096,#카페 #세종
옷고시전원,장군면,세종특별자치시 세종특별자치시 장군면 전원마을2길 84,127.221467543691,36.4432693902564,#카페 #세종
파치먼트,어진동,세종특별자치시 세종특별자치시 가름로 232,127.264910667014,36.4956193959394,#카페 #세종
엄마호두앤카페,소정면,세종특별자치시 세종특별자치시 소정면 차령고개로 1081,127.156046629922,36.6908909163647,#카페 #세종
새마을커피,전의면,세종특별자치시 세종특별자치시 전의면 운주산로 1188,127.205036479269,36.6793542794136,#카페 #세종
바야흐로커피,아름동,세종특별자치시 세종특별자치시 보듬3로 104-17,127.249539372166,36.5122698361353,#카페 #세종
더벤티세종나성점,나성동,세종특별자치시 세종특별자치시 한누리대로 292,127.257035817197,36.4903558425538,#카페 #세종
블루샥커피세종,반곡동,세종특별자치시 세종특별자치시 국책연구원3로 6,127.303771018694,36.4920483252509,#카페 #세종
투썸플레이스세종,어진동,세종특별자치시 세종특별자치시 도움8로 91,127.271592277843,36.504084245235,#카페 #세종
11그램,조치원읍,세종특별자치시 세종특별자치시 조치원읍 죽림본로 33-11,127.295416388374,36.5901503108069,#카페 #세종
피넛,나성동,세종특별자치시 세종특별자치시 중앙공원서로 10,127.264439256513,36.4882760147841,#카페 #세종
소담,보람동,세종특별자치시 세종특별자치시 시청대로 219,127.293761926366,36.4837106543199,#카페 #세종
카페이륜당,조치원읍,세종특별자치시 세종특별자치시 조치원읍 새내14길 19,127.298819821702,36.6033795744149,#카페 #세종
이디야세종대명벨리온점,집현동,세종특별자치시 세종특별자치시 집현중앙7로 6,127.330941240211,36.4985274521816,#카페 #세종
놀숲세종,보람동,세종특별자치시 세종특별자치시 호려울로 45,127.290215477389,36.4783304090095,#카페 #세종
메가엠지씨커피세종,소담동,세종특별자치시 세종특별자치시 소담1로 12,127.301322622933,36.4851967338775,#카페 #세종
상리104,조치원읍,세종특별자치시 세종특별자치시 조치원읍 조치원9길 17,127.302641073181,36.6030815674538,#카페 #세종
커피우림,장군면,세종특별자치시 세종특별자치시 장군면 장척로 421,127.206768076441,36.4982845978689,#카페 #세종
카페라떼,조치원읍,세종특별자치시 세종특별자치시 조치원읍 새내9길 7,127.297913154552,36.6001197199434,#카페 #세종
팔롬비니,어진동,세종특별자치시 세종특별자치시 가름로 194,127.261532951462,36.4968434084201,#카페 #세종
언더로우,조치원읍,세종특별자치시 세종특별자치시 조치원읍 으뜸길 222,127.296979821276,36.6015458496915,#카페 #세종
휴온,조치원읍,세종특별자치시 세종특별자치시 조치원읍 섭골길 101,127.285442951002,36.6189750207165,#카페 #세종
바다숲,나성동,세종특별자치시 세종특별자치시 나성로 33-6,127.262824652435,36.4827374623767,#카페 #세종
삼원도가,장군면,세종특별자치시 세종특별자치시 장군면 의당전의로 613-4,127.189538324023,36.5318451746238,#카페 #세종
온니북스카페,새롬동,세종특별자치시 세종특별자치시 새롬중앙로 64,127.250997202613,36.486637906097,#카페 #세종
카페일로,연서면,세종특별자치시 세종특별자치시 연서면 도신고복로 1243,127.263478405339,36.589990891748,#카페 #세종
카페뉴트리,종촌동,세종특별자치시 세종특별자치시 도움1로 108,127.24763333712,36.5026765107161,#카페 #세종
115-1Coffee앤Pub,조치원읍,세종특별자치시 세종특별자치시 조치원읍 안터길 115-1,127.288076537347,36.6297462710767,#카페 #세종
30초커피,고운동,세종특별자치시 세종특별자치시 세종로 1229,127.24105560003,36.5124404773665,#카페 #세종
설빙세종새롬점,새롬동,세종특별자치시 세종특별자치시 새롬중앙로 51,127.250491414214,36.4855215332104,#카페 #세종
협동조합담음좋은날,조치원읍,세종특별자치시 세종특별자치시 조치원읍 문화2길 64,127.289102622271,36.602123924784,#카페 #세종
에움길,조치원읍,세종특별자치시 세종특별자치시 조치원읍 내창2길 20,127.290318451658,36.6074467010015,#카페 #세종
카페휴,나성동,세종특별자치시 세종특별자치시 나성로 96,127.26100060885,36.487878065118,#카페 #세종
커피하우스,조치원읍,세종특별자치시 세종특별자치시 조치원읍 새내로 155,127.297051596043,36.6056909105076,#카페 #세종
서울다방,조치원읍,세종특별자치시 세종특별자치시 조치원읍 장안로 3,127.30156097392,36.6012459814559,#카페 #세종
세종지역자활센터,조치원읍,세종특별자치시 세종특별자치시 조치원읍 터미널안길 60,127.303182691575,36.6015392429485,#카페 #세종
포앵제로커피로스터,어진동,세종특별자치시 세종특별자치시 도움8로 81,127.270645302959,36.5046090669854,#카페 #세종
리틀그레이프,연서면,세종특별자치시 세종특별자치시 연서면 도신고복로 605,127.227373916831,36.6017890857579,#카페 #세종
양지다실,전의면,세종특별자치시 세종특별자치시 전의면 운주산로 1193,127.204297811183,36.6792474134094,#카페 #세종
볼링카페,소담동,세종특별자치시 세종특별자치시 소담로 70,127.304459829441,36.4855402216395,#카페 #세종
카페아름,대평동,세종특별자치시 세종특별자치시 대평4길 17,127.275949165107,36.4736241558256,#카페 #세종
빽다방세종새롬,새롬동,세종특별자치시 세종특별자치시 새롬중앙로 47,127.250745995002,36.4848721647687,#카페 #세종
소기소기,새롬동,세종특별자치시 세종특별자치시 새롬중앙로 41,127.251436605524,36.4844742020159,#카페 #세종
인베이지,집현동,세종특별자치시 세종특별자치시 집현동로 77,127.318852849537,36.5011466834594,#카페 #세종
휘카페,반곡동,세종특별자치시 세종특별자치시 국책연구원2로 18,127.308236298484,36.4923072201351,#카페 #세종
달콤제작소,소담동,세종특별자치시 세종특별자치시 한누리대로 1962,127.301774062692,36.4893769592997,#카페 #세종
그대있음에,연서면,세종특별자치시 세종특별자치시 연서면 복골길 45-19,127.246115302106,36.6153860964198,#카페 #세종
온기,나성동,세종특별자치시 세종특별자치시 나성북로 47,127.260811179015,36.4912938647618,#카페 #세종
투썸플레이스세종,보람동,세종특별자치시 세종특별자치시 한누리대로 2150,127.287326039133,36.4785086210739,#카페 #세종
공차새롬점,새롬동,세종특별자치시 세종특별자치시 새롬중앙로 33,127.25183697629,36.4840498134046,#카페 #세종
카페베네치아세종전의점,전의면,세종특별자치시 세종특별자치시 전의면 왕의물로 92,127.205045215276,36.686860667908,#카페 #세종
오브,나성동,세종특별자치시 세종특별자치시 한누리대로 287,127.256163442301,36.489789989629,#카페 #세종
인사이터즈,해밀동,세종특별자치시 세종특별자치시 해밀3로 43,127.26448707171,36.5285845354515,#카페 #세종
카페휘게,조치원읍,세종특별자치시 세종특별자치시 조치원읍 서북부로 85,127.28078396622,36.601197616998,#카페 #세종
하이로우커피스탠드,새롬동,세종특별자치시 세종특별자치시 새롬로 32,127.255619341638,36.4872318695378,#카페 #세종
카페이수페,보람동,세종특별자치시 세종특별자치시 남세종로 441,127.29046687802,36.476923990477,#카페 #세종
평산[투썸플레이스세종],조치원읍,세종특별자치시 세종특별자치시 조치원읍 이화로 34,127.287746732203,36.5921425720728,#카페 #세종
카페손빚,금남면,세종특별자치시 세종특별자치시 금남면 닭재길 15,127.347835535435,36.4626133724328,#카페 #세종
아마스빈세종,종촌동,세종특별자치시 세종특별자치시 도움3로 105-5,127.249537516885,36.5047361885299,#카페 #세종
다방,연서면,세종특별자치시 세종특별자치시 연서면 대첩로 274,127.267617753871,36.5913514052304,#카페 #세종
엔젤리너스,조치원읍,세종특별자치시 세종특별자치시 조치원읍 행복11길 3,127.292416950637,36.6037378895547,#카페 #세종
오티비커피,보람동,세종특별자치시 세종특별자치시 한누리대로 2129,127.289758881822,36.478574831255,#카페 #세종
바이핸커피,어진동,세종특별자치시 세종특별자치시 절재로 172,127.260175571403,36.5081378504265,#카페 #세종
제주도화,연서면,세종특별자치시 세종특별자치시 연서면 와룡로 606,127.227697000209,36.5976342084107,#카페 #세종
달리는커피세종나성점,나성동,세종특별자치시 세종특별자치시 한누리대로 201,127.260045552379,36.4826083773265,#카페 #세종
라무즈,금남면,세종특별자치시 세종특별자치시 금남면 용포서로 11,127.280146491887,36.4648551037316,#카페 #세종
오렌지칠,반곡동,세종특별자치시 세종특별자치시 국책연구원3로 6,127.303771018694,36.4920483252509,#카페 #세종
옷고시,소담동,세종특별자치시 세종특별자치시 한누리대로 1978,127.301477648241,36.4877646387578,#카페 #세종
콩카페세종시니어클럽,새롬동,세종특별자치시 세종특별자치시 새롬중앙로 44,127.252084498063,36.4846710898349,#카페 #세종
파스쿠찌,다정동,세종특별자치시 세종특별자치시 다정로 14,127.236669129327,36.4980397884565,#카페 #세종
베이크229,보람동,세종특별자치시 세종특별자치시 호려울로 9,127.288235571016,36.4770285281013,#카페 #세종
더코너,도담동,세종특별자치시 세종특별자치시 보듬3로 8-20,127.258666616887,36.5142599666811,#카페 #세종
순카페,조치원읍,세종특별자치시 세종특별자치시 조치원읍 조치원4길 6,127.298643524334,36.6011361796393,#카페 #세종
보비스쿰,반곡동,세종특별자치시 세종특별자치시 남세종로 263,127.309923537262,36.4815971117981,#카페 #세종
콩카페세종시니어클럽,보람동,세종특별자치시 세종특별자치시 한누리대로 2107,127.292305819011,36.4793075693334,#카페 #세종
위트러스트커피랩,장군면,세종특별자치시 세종특별자치시 장군면 월현윗길 50,127.22321181713,36.5031392334685,#카페 #세종
아이갓에브리씽정부세종컨벤션,어진동,세종특별자치시 세종특별자치시 다솜3로 66,127.269952197727,36.5010961332007,#카페 #세종
카페[CAFFE]:123,부강면,세종특별자치시 세종특별자치시 부강면 시장길 2,127.369529349209,36.5272600127815,#카페 #세종
메가엠지씨커피조치원,조치원읍,세종특별자치시 세종특별자치시 조치원읍 행복길 25,127.292438759602,36.6035936537751,#카페 #세종
읍천리382,아름동,세종특별자치시 세종특별자치시 아름서1길 13-4,127.243172184411,36.5110033464906,#카페 #세종
투썸플레이스세종소담레전드,소담동,세종특별자치시 세종특별자치시 소담로 70,127.304045762551,36.4852438956922,#카페 #세종
빽다방세종첫,나성동,세종특별자치시 세종특별자치시 한누리대로 201,127.260045552379,36.4826083773265,#카페 #세종
파스쿠찌세종라온점,도담동,세종특별자치시 세종특별자치시 보듬3로 8-12,127.258786657946,36.5134306451159,#카페 #세종
메가엠지씨커피,도담동,세종특별자치시 세종특별자치시 보듬4로 9,127.260705775683,36.5131200741657,#카페 #세종
소마드로잉카페세종나성점,나성동,세종특별자치시 세종특별자치시 나성북로 21,127.258942463129,36.4898200373767,#카페 #세종
낮이,금남면,세종특별자치시 세종특별자치시 금남면 용포로 88-1,127.281692238268,36.4665456467614,#카페 #세종
씨엘,도담동,세종특별자치시 세종특별자치시 보듬3로 37,127.255442362908,36.5115003727194,#카페 #세종
커피하우스장군점,장군면,세종특별자치시 세종특별자치시 장군면 장척로 401,127.205202493729,36.4971608546513,#카페 #세종
서해광업카페디어스,고운동,세종특별자치시 세종특별자치시 마음로 67,127.232782907289,36.5048241262982,#카페 #세종
카페주옹주옹,장군면,세종특별자치시 세종특별자치시 장군면 월현윗길 70,127.224864498469,36.5033704304145,#카페 #세종
믹스팜,연서면,세종특별자치시 세종특별자치시 연서면 안산길 68,127.232848798439,36.6012648646859,#카페 #세종
더킹,나성동,세종특별자치시 세종특별자치시 한누리대로 161,127.262267341984,36.4796206806814,#카페 #세종
델브커피,반곡동,세종특별자치시 세종특별자치시 반곡로 14,127.305732749116,36.4970807729841,#카페 #세종
다온COFFEE,조치원읍,세종특별자치시 세종특별자치시 조치원읍 도원로 16,127.29107310626,36.5911342287472,#카페 #세종
닥터오빈,어진동,세종특별자치시 세종특별자치시 절재로 194,127.262453375785,36.5083040803035,#카페 #세종
아트웍스,어진동,세종특별자치시 세종특별자치시 가름로 180,127.259871941943,36.4974508123465,#카페 #세종
카페희연,조치원읍,세종특별자치시 세종특별자치시 조치원읍 죽림본로 32,127.29540950677,36.5912767541782,#카페 #세종
하드캐리커피,어진동,세종특별자치시 세종특별자치시 도움8로 11-11,127.262797201934,36.5076454807569,#카페 #세종
이음재단,나성동,세종특별자치시 세종특별자치시 나성북1로 22,127.258768125593,36.4910910469878,#카페 #세종
커스텀커피세종,보람동,세종특별자치시 세종특별자치시 한누리대로 2150,127.287326039133,36.4785086210739,#카페 #세종
세종시다문화센터협동조합커피다비다&가게,금남면,세종특별자치시 세종특별자치시 금남면 장재길 50,127.306073704959,36.4787774139702,#카페 #세종
메모리팩토리,아름동,세종특별자치시 세종특별자치시 바른7길 43,127.248587277682,36.5217429442878,#카페 #세종
세종특별자치시지체장애인협회북카페쉼표,고운동,세종특별자치시 세종특별자치시 세종로 1207,127.240558437698,36.5105130109451,#카페 #세종
카페문,금남면,세종특별자치시 세종특별자치시 금남면 용포로 102-1,127.28202006396,36.4677253922068,#카페 #세종
카페춘담,연서면,세종특별자치시 세종특별자치시 연서면 생천길 78,127.212117530396,36.609756263224,#카페 #세종
세종라온카페,금남면,세종특별자치시 세종특별자치시 금남면 성덕영곡길 29,127.276300991565,36.4595742535969,#카페 #세종
나이브,조치원읍,세종특별자치시 세종특별자치시 조치원읍 내창2길 13-3,127.289412227777,36.6072146091692,#카페 #세종
연서로스터즈,반곡동,세종특별자치시 세종특별자치시 국책연구원5로 19,127.305481374451,36.492755871532,#카페 #세종
커피에반하다,소담동,세종특별자치시 세종특별자치시 시청대로 236,127.295896478159,36.4845254333555,#카페 #세종
공차,소담동,세종특별자치시 세종특별자치시 한누리대로 2016,127.299626059715,36.4851199018867,#카페 #세종
울투라커피컴퍼니집현점,집현동,세종특별자치시 세종특별자치시 집현중앙7로 6,127.330941240211,36.4985274521816,#카페 #세종
동인커피,어진동,세종특별자치시 세종특별자치시 가름로 232,127.264910667014,36.4956193959394,#카페 #세종
크레센트디저트카페,조치원읍,세종특별자치시 세종특별자치시 조치원읍 죽림로 37,127.295636268189,36.5921322758044,#카페 #세종
타샤의정원,보람동,세종특별자치시 세종특별자치시 남세종로 446,127.290491649992,36.4775817757432,#카페 #세종
자주다실,조치원읍,세종특별자치시 세종특별자치시 조치원읍 조치원8길 38,127.300617100453,36.5999417138177,#카페 #세종
크리스마스자몽세종,아름동,세종특별자치시 세종특별자치시 아름서1길 23,127.2435961922,36.5109394006266,#카페 #세종
역전다실,전의면,세종특별자치시 세종특별자치시 전의면 만세길 16-2,127.204015789409,36.6783647899512,#카페 #세종
오뜨몽드,연서면,세종특별자치시 세종특별자치시 연서면 대첩로 148-6,127.280159238018,36.5953326640842,#카페 #세종
이디야커피,소담동,세종특별자치시 세종특별자치시 소담1로 12,127.301478158241,36.4850161096442,#카페 #세종
커피디,금남면,세종특별자치시 세종특별자치시 금남면 금남구즉로 60,127.286330046569,36.4716622086529,#카페 #세종
목남갤러리,소담동,세종특별자치시 세종특별자치시 소담로 70,127.304045762551,36.4852438956922,#카페 #세종
고운동네커피가게,고운동,세종특별자치시 세종특별자치시 마음로 94,127.232542266135,36.5064737097017,#카페 #세종
노이,반곡동,세종특별자치시 세종특별자치시 시청대로 370,127.304544787694,36.4958402172253,#카페 #세종
카페허니에센스,새롬동,세종특별자치시 세종특별자치시 새롬중앙로 34,127.252497166183,36.4845981246918,#카페 #세종
공차세종에비뉴힐점,어진동,세종특별자치시 세종특별자치시 갈매로 353,127.262432847302,36.4956068486119,#카페 #세종
마더스팜,연서면,세종특별자치시 세종특별자치시 연서면 당산로 318-1,127.280636571501,36.5604843285672,#카페 #세종
에이1907커피,나성동,세종특별자치시 세종특별자치시 국세청로 46,127.26279538495,36.487288373512,#카페 #세종
행복맘,보람동,세종특별자치시 세종특별자치시 시청대로 167,127.289902956208,36.4813049898202,#카페 #세종
히스피HISFFEE나성점,나성동,세종특별자치시 세종특별자치시 한누리대로 234,127.25911820114,36.4856202622605,#카페 #세종
메가엠지씨커피세종나성점,나성동,세종특별자치시 세종특별자치시 나성북1로 12,127.257618302769,36.4910034193976,#카페 #세종
이도커피,금남면,세종특별자치시 세종특별자치시 금남면 금남구즉로 497,127.330697198759,36.4805050200061,#카페 #세종
원더커피,나성동,세종특별자치시 세종특별자치시 한누리대로 223,127.258835103156,36.4843862904356,#카페 #세종
프래밀리,반곡동,세종특별자치시 세종특별자치시 한누리대로 1864,127.308628231219,36.4982628424961,#카페 #세종
카페플로랑스,보람동,세종특별자치시 세종특별자치시 시청대로 219,127.293807414358,36.4839358316374,#카페 #세종
카페,고운동,세종특별자치시 세종특별자치시 마음로 70,127.234390975216,36.5050462665942,#카페 #세종
할리스세종,어진동,세종특별자치시 세종특별자치시 절재로 194,127.262453375785,36.5083040803035,#카페 #세종
빽다방세종대평점,대평동,세종특별자치시 세종특별자치시 한누리대로 2236,127.277222867688,36.4740988181959,#카페 #세종
궁전다실,조치원읍,세종특별자치시 세종특별자치시 조치원읍 새내12길 40,127.300056334893,36.6023221348704,#카페 #세종
육농이나르샤,연서면,세종특별자치시 세종특별자치시 연서면 월하천로 289,127.283184423674,36.5729952079097,#카페 #세종
발산커피,금남면,세종특별자치시 세종특별자치시 금남면 발산1길 51,127.284609554625,36.4557968879408,#카페 #세종
커넥트커피,도담동,세종특별자치시 세종특별자치시 보듬4로 9,127.260705775683,36.5131200741657,#카페 #세종
어진프라자,어진동,세종특별자치시 세종특별자치시 도움8로 11-11,127.262797201934,36.5076454807569,#카페 #세종
OHNL오늘,조치원읍,세종특별자치시 세종특별자치시 조치원읍 충현로 59,127.29757769583,36.5942541364561,#카페 #세종
시간의기억,조치원읍,세종특별자치시 세종특별자치시 조치원읍 터미널안길 60,127.303182691575,36.6015392429485,#카페 #세종
버드소리,어진동,세종특별자치시 세종특별자치시 가름로 253,127.26726258798,36.4947220062009,#카페 #세종
운커피,조치원읍,세종특별자치시 세종특별자치시 조치원읍 군청로 99-2,127.293294989264,36.5935798852408,#카페 #세종
빽다방세종,종촌동,세종특별자치시 세종특별자치시 도움3로 105-7,127.249648446446,36.5045196792352,#카페 #세종
하파데이,고운동,세종특별자치시 세종특별자치시 마음로 74,127.234079131878,36.5052811792425,#카페 #세종
코지정원,금남면,세종특별자치시 세종특별자치시 금남면 남곡1길 3,127.314073071585,36.4701235334956,#카페 #세종
커런트커피,장군면,세종특별자치시 세종특별자치시 장군면 금송로 210,127.221653084473,36.4379161241475,#카페 #세종
메가엠지씨커피세종해밀점,해밀동,세종특별자치시 세종특별자치시 해밀3로 32,127.267225298374,36.5293353987815,#카페 #세종
구운,조치원읍,세종특별자치시 세종특별자치시 조치원읍 서북부로 6,127.289319213407,36.603258834809,#카페 #세종
썸tada,나성동,세종특별자치시 세종특별자치시 나성로 125-4,127.258888071339,36.4902436992315,#카페 #세종
커넥트인신안리,조치원읍,세종특별자치시 세종특별자치시 조치원읍 돌간1길 1,127.289935211904,36.6185316291119,#카페 #세종
토리,반곡동,세종특별자치시 세종특별자치시 반곡로 14,127.305732749116,36.4970807729841,#카페 #세종
라퓨타커피,조치원읍,세종특별자치시 세종특별자치시 조치원읍 섭골길 48,127.288378987254,36.6148948108951,#카페 #세종
세종소상공인협동조합,조치원읍,세종특별자치시 세종특별자치시 조치원읍 장안로 10-8,127.300922458512,36.6008691168488,#카페 #세종
마슬마켓,반곡동,세종특별자치시 세종특별자치시 반곡로 14,127.305732749116,36.4970807729841,#카페 #세종
본커피힐,연기면,세종특별자치시 세종특별자치시 연기면 국사길 20,127.228858139331,36.540445276407,#카페 #세종
카유,조치원읍,세종특별자치시 세종특별자치시 조치원읍 모과나무2길 16-2,127.284242647645,36.6087049188944,#카페 #세종
카페리즌리즌,금남면,세종특별자치시 세종특별자치시 금남면 도남2안길 13,127.240834841936,36.437518503955,#카페 #세종
아크,장군면,세종특별자치시 세종특별자치시 장군면 월현윗길 38-15,127.22393707389,36.5030387471997,#카페 #세종
스윗,어진동,세종특별자치시 세종특별자치시 도움8로 81,127.270645302959,36.5046090669854,#카페 #세종
달뜸,장군면,세종특별자치시 세종특별자치시 장군면 대교양달뜸길 7,127.217259987604,36.5102873711246,#카페 #세종
비타민을담다,나성동,세종특별자치시 세종특별자치시 나성북로 30,127.260256176784,36.4888619525968,#카페 #세종
레조넌스커피랩,나성동,세종특별자치시 세종특별자치시 한누리대로 321,127.255783411452,36.4930079351751,#카페 #세종
커피를따라흐름,조치원읍,세종특별자치시 세종특별자치시 조치원읍 장안로 67,127.302198546754,36.5956482888322,#카페 #세종
까사다르떼,장군면,세종특별자치시 세종특별자치시 장군면 전원마을2길 56,127.224274569977,36.4419844955708,#카페 #세종
커피마마퀸,조치원읍,세종특별자치시 세종특별자치시 조치원읍 대첩로 25,127.293401979204,36.5952737661311,#카페 #세종
셀렉토커피,도담동,세종특별자치시 세종특별자치시 보듬3로 8-29,127.257809847181,36.5151179171349,#카페 #세종
에클레시아,조치원읍,세종특별자치시 세종특별자치시 조치원읍 군청로 114,127.293589844123,36.5947145964411,#카페 #세종
고욤,고운동,세종특별자치시 세종특별자치시 마음로 231,127.231605318765,36.5179562377809,#카페 #세종
커피베이세종마크원애비뉴점,나성동,세종특별자치시 세종특별자치시 국세청로 32,127.261899803682,36.4864612776707,#카페 #세종
커피일가견,아름동,세종특별자치시 세종특별자치시 보듬3로 100,127.248589842448,36.5120735647542,#카페 #세종
3-3커피,소담동,세종특별자치시 세종특별자치시 국책연구원1로 15,127.299849748523,36.4910399378629,#카페 #세종
킴스커피,조치원읍,세종특별자치시 세종특별자치시 조치원읍 섭골길 83,127.286018623717,36.6174507185812,#카페 #세종
세종다방,부강면,세종특별자치시 세종특별자치시 부강면 부촌길 42-1,127.366873900128,36.5300437477912,#카페 #세종
나우커피,도담동,세종특별자치시 세종특별자치시 보듬3로 8-37,127.257844863467,36.5155774296236,#카페 #세종
모디스트임팩트,조치원읍,세종특별자치시 세종특별자치시 조치원읍 으뜸길 233,127.296534287437,36.6019434603867,#카페 #세종
카페미소커피,장군면,세종특별자치시 세종특별자치시 장군면 장척로 411,127.205740097607,36.4978628312403,#카페 #세종
홍차마루,금남면,세종특별자치시 세종특별자치시 금남면 원봉2길 2,127.243821426423,36.4403240769814,#카페 #세종
단카페,연서면,세종특별자치시 세종특별자치시 연서면 공단로 143,127.271760969793,36.5523224761825,#카페 #세종
요거프레소세종에비뉴힐점,어진동,세종특별자치시 세종특별자치시 갈매로 353,127.262432847302,36.4956068486119,#카페 #세종
유달리,종촌동,세종특별자치시 세종특별자치시 도움1로 108,127.24763333712,36.5026765107161,#카페 #세종
울투라커피컴퍼니,어진동,세종특별자치시 세종특별자치시 가름로 232,127.264910667014,36.4956193959394,#카페 #세종
벌크커피세종새롬점,새롬동,세종특별자치시 세종특별자치시 새롬중앙로 62-15,127.251232489514,36.4869257814145,#카페 #세종
매머드익스프레스세종대명벨리온점,집현동,세종특별자치시 세종특별자치시 집현중앙7로 6,127.330439320669,36.4986099472331,#카페 #세종
컴홈,반곡동,세종특별자치시 세종특별자치시 한누리대로 1811,127.31358080782,36.4974839469428,#카페 #세종
이디야커피,새롬동,세종특별자치시 세종특별자치시 새롬중앙로 33,127.25183697629,36.4840498134046,#카페 #세종
카페나무와실,전동면,세종특별자치시 세종특별자치시 전동면 갈거리길 11,127.270778200071,36.6514951599424,#카페 #세종
나우커피세종,반곡동,세종특별자치시 세종특별자치시 반곡로 13,127.307638964908,36.4993017252658,#카페 #세종
할리스세종가람DT점,가람동,세종특별자치시 세종특별자치시 금송로 589,127.244344026258,36.4647084805486,#카페 #세종
에이치피에스협동조합,반곡동,세종특별자치시 세종특별자치시 국책연구원3로 6,127.303771018694,36.4920483252509,#카페 #세종
오브제카페고호,연서면,세종특별자치시 세종특별자치시 연서면 안산길 52,127.232723774976,36.6005712304409,#카페 #세종
아이씨카페,반곡동,세종특별자치시 세종특별자치시 한누리대로 1952,127.302547021288,36.4901229614855,#카페 #세종
행복드림,조치원읍,세종특별자치시 세종특별자치시 조치원읍 내창천로 48,127.285332838992,36.6042596988239,#카페 #세종
더힐링카페,금남면,세종특별자치시 세종특별자치시 금남면 도남2길 232,127.235856534351,36.4435211901844,#카페 #세종
디저트39세종대평점,대평동,세종특별자치시 세종특별자치시 갈매로 58,127.275426750505,36.4710390351874,#카페 #세종
이디야커피세종시,조치원읍,세종특별자치시 세종특별자치시 조치원읍 조치원로 19-2,127.29901393942,36.601549774978,#카페 #세종
오프플러스커피로스팅랩,연서면,세종특별자치시 세종특별자치시 연서면 대첩로 209,127.27438452808,36.5930301656825,#카페 #세종
이디야세종,보람동,세종특별자치시 세종특별자치시 호려울로 45,127.290014253736,36.4782317708089,#카페 #세종
세컨로드,조치원읍,세종특별자치시 세종특별자치시 조치원읍 돌간2길 6,127.289521429974,36.6184875783521,#카페 #세종
흑화당세종새롬점,새롬동,세종특별자치시 세종특별자치시 새롬중앙로 34,127.252497166183,36.4845981246918,#카페 #세종
그린선셋,금남면,세종특별자치시 세종특별자치시 금남면 금남구즉로 473,127.328084700113,36.4801968263998,#카페 #세종
카페코코,부강면,세종특별자치시 세종특별자치시 부강면 부강4길 4,127.366923685592,36.5287639639065,#카페 #세종
그리본,연서면,세종특별자치시 세종특별자치시 연서면 대첩로 234-4,127.27239295705,36.5923498664035,#카페 #세종
로흐뚜,조치원읍,세종특별자치시 세종특별자치시 조치원읍 은행나무1길 32,127.292801011147,36.5900215930181,#카페 #세종
커피쿡세종,새롬동,세종특별자치시 세종특별자치시 새롬로 26,127.256200337861,36.4874378897232,#카페 #세종
다와카페,장군면,세종특별자치시 세종특별자치시 장군면 대학길 300,127.209740805703,36.4624132616539,#카페 #세종
아리에떼,장군면,세종특별자치시 세종특별자치시 장군면 덕고개길 12,127.216878200636,36.5094860379745,#카페 #세종
샌드엣홈,도담동,세종특별자치시 세종특별자치시 한누리대로 587,127.258447866369,36.5156211823447,#카페 #세종
허니빈스조치원홈플러스,조치원읍,세종특별자치시 세종특별자치시 조치원읍 허만석로 60,127.297726245892,36.5863777926358,#카페 #세종
도담카페,도담동,세종특별자치시 세종특별자치시 보람로 77,127.261740533635,36.5154067377836,#카페 #세종
커피와디저트미소정,소정면,세종특별자치시 세종특별자치시 소정면 소정구길 164,127.156807948559,36.7186536170071,#카페 #세종
심플Simple,조치원읍,세종특별자치시 세종특별자치시 조치원읍 새내4길 18,127.299902511234,36.5972310834504,#카페 #세종
카페몽마르다,나성동,세종특별자치시 세종특별자치시 한누리대로 306,127.256873113719,36.4917800209457,#카페 #세종
희어린,보람동,세종특별자치시 세종특별자치시 한누리대로 2144,127.28796311288,36.4787864444893,#카페 #세종
업소명없음,나성동,세종특별자치시 세종특별자치시 한누리대로 205,127.25992382445,36.4829150363117,#카페 #세종
디앤씨네트웍스,보람동,세종특별자치시 세종특별자치시 호려울로 19,127.288906345252,36.4773693462483,#카페 #세종
그리너리,장군면,세종특별자치시 세종특별자치시 장군면 월현윗길 119-39,127.2300042633,36.5050998623081,#카페 #세종
나만;봄,금남면,세종특별자치시 세종특별자치시 금남면 금병로 1139,127.358059511607,36.509713554743,#카페 #세종
사과나무,연서면,세종특별자치시 세종특별자치시 연서면 오봉로 25-1,127.276408961937,36.5966480743837,#카페 #세종
디아브,고운동,세종특별자치시 세종특별자치시 마음로 100,127.232130512248,36.5068980544936,#카페 #세종
카페드상리,조치원읍,세종특별자치시 세종특별자치시 조치원읍 터미널안길 28,127.304624643669,36.6015896343774,#카페 #세종
풍전에프앤비,조치원읍,세종특별자치시 세종특별자치시 조치원읍 세종로 2511,127.29100505959,36.6116983991663,#카페 #세종
정다방,금남면,세종특별자치시 세종특별자치시 금남면 용포로 95-1,127.281560864786,36.4672398500225,#카페 #세종
체인스커피세종정부,어진동,세종특별자치시 세종특별자치시 가름로 232,127.264910667014,36.4956193959394,#카페 #세종
더봇,고운동,세종특별자치시 세종특별자치시 마음안1로 7,127.231918650183,36.5144591527877,#카페 #세종
정동101커피,조치원읍,세종특별자치시 세종특별자치시 조치원읍 새내로 79,127.29838893693,36.598874956977,#카페 #세종
투썸플레이스세종,어진동,세종특별자치시 세종특별자치시 한누리대로 492,127.2623051873,36.5073942403658,#카페 #세종
투썸플레이스세종아름점,아름동,세종특별자치시 세종특별자치시 달빛1로 307,127.252568057619,36.5201755877447,#카페 #세종
사람나무,연서면,세종특별자치시 세종특별자치시 연서면 도신고복로 915-5,127.24848847871,36.6129480972773,#카페 #세종
매머드익스프레스세종,보람동,세종특별자치시 세종특별자치시 한누리대로 2144,127.28796311288,36.4787864444893,#카페 #세종
파스쿠찌세종,한솔동,세종특별자치시 세종특별자치시 나리로 38,127.255633133175,36.4744444003228,#카페 #세종
수아빈,어진동,세종특별자치시 세종특별자치시 도움8로 91,127.271748770269,36.5041469697027,#카페 #세종
살포시,전의면,세종특별자치시 세종특별자치시 전의면 장터길 7,127.205371125398,36.6789842396755,#카페 #세종
바이올렛커피&브런치,한솔동,세종특별자치시 세종특별자치시 노을3로 90,127.255159224567,36.4796451026601,#카페 #세종
로얄홀덤,도담동,세종특별자치시 세종특별자치시 한누리대로 589,127.258460079161,36.5159365595042,#카페 #세종
더라운지,나성동,세종특별자치시 세종특별자치시 나성로 41,127.262882153392,36.48324198423,#카페 #세종
커스텀커피,다정동,세종특별자치시 세종특별자치시 다정중앙로 58,127.249229257344,36.4956261482966,#카페 #세종
빽다방세종,반곡동,세종특별자치시 세종특별자치시 한누리대로 1828,127.311741469661,36.4980564945331,#카페 #세종
에브리선데이커피,연서면,세종특별자치시 세종특별자치시 연서면 봉암길 41,127.284027749345,36.559214694078,#카페 #세종
코세챠커피,조치원읍,세종특별자치시 세종특별자치시 조치원읍 문화2길 32,127.288481546679,36.600413264484,#카페 #세종
요거프레소홍대,조치원읍,세종특별자치시 세종특별자치시 조치원읍 섭골길 76-1,127.286945110898,36.6170880362481,#카페 #세종
새롬카페,새롬동,세종특별자치시 세종특별자치시 새롬로 14,127.256698044293,36.4860760720403,#카페 #세종
카페아이갓에브리싱세종고용복지플러스,조치원읍,세종특별자치시 세종특별자치시 조치원읍 터미널안길 60,127.303182691575,36.6015392429485,#카페 #세종
메가엠지씨커피조치원역점,조치원읍,세종특별자치시 세종특별자치시 조치원읍 조치원로 6-1,127.297335422014,36.6010132908,#카페 #세종
델버로,장군면,세종특별자치시 세종특별자치시 장군면 대교절골길 35,127.218070500263,36.5166750764364,#카페 #세종
동백다방,조치원읍,세종특별자치시 세종특별자치시 조치원읍 조치원8길 34,127.300539672027,36.6001491711831,#카페 #세종
이아카페,연서면,세종특별자치시 세종특별자치시 연서면 도신고복로 1131-7,127.261802563764,36.6000242854475,#카페 #세종
커피아노,조치원읍,세종특별자치시 세종특별자치시 조치원읍 죽림로 55,127.297726948592,36.5923793912679,#카페 #세종
수진사주카페,도담동,세종특별자치시 세종특별자치시 한누리대로 583,127.258491413278,36.5152876612857,#카페 #세종
울투라커피컴퍼니세종,보람동,세종특별자치시 세종특별자치시 한누리대로 2150,127.287326039133,36.4785086210739,#카페 #세종
카페루앤비세종가로수길점,나성동,세종특별자치시 세종특별자치시 나성로 38,127.263753403522,36.4834833743255,#카페 #세종
카페드리옹,아름동,세종특별자치시 세종특별자치시 세종로 1234-12,127.242663651709,36.5125994248165,#카페 #세종
빽다방세종다온주유소점,아름동,세종특별자치시 세종특별자치시 세종로 1328,127.244284903944,36.5205082424404,#카페 #세종
커피마마,조치원읍,세종특별자치시 세종특별자치시 조치원읍 세종로 2511,127.29100505959,36.6116983991663,#카페 #세종
달달커피,도담동,세종특별자치시 세종특별자치시 보듬4로 9,127.260705775683,36.5131200741657,#카페 #세종
카페세종리,세종동,세종특별자치시 세종특별자치시 중앙공원로 60,127.271739023357,36.4917741254049,#카페 #세종
카페.페레타,보람동,세종특별자치시 세종특별자치시 남세종로 469,127.289427541174,36.4764939596855,#카페 #세종
세종남부지역자활센터카페희다세종나성점,나성동,세종특별자치시 세종특별자치시 나성로 41,127.262882153392,36.48324198423,#카페 #세종
정동1928조치원1927아트센터,조치원읍,세종특별자치시 세종특별자치시 조치원읍 새내4길 17,127.299715173919,36.5979164210294,#카페 #세종
다락,조치원읍,세종특별자치시 세종특별자치시 조치원읍 문화1길 25,127.289045227567,36.6017185512189,#카페 #세종
예찬양엔터테인먼트,연동면,세종특별자치시 세종특별자치시 연동면 효자길 191-9,127.324097759637,36.5517141029051,#카페 #세종
디에떼에스프레소,고운동,세종특별자치시 세종특별자치시 고운서길 7,127.234748962734,36.5053068977474,#카페 #세종
카페수작,조치원읍,세종특별자치시 세종특별자치시 조치원읍 원마루길 28-1,127.290895829396,36.6094007635466,#카페 #세종
예다원찻집,소정면,세종특별자치시 세종특별자치시 소정면 소정구길 222,127.158195353954,36.7238332429504,#카페 #세종
커피야,보람동,세종특별자치시 세종특별자치시 시청대로 163,127.289422449002,36.4811259246567,#카페 #세종
세종휴게실,조치원읍,세종특별자치시 세종특별자치시 조치원읍 조치원8길 34-6,127.300461439477,36.6001493684363,#카페 #세종
페이버베이크숍,나성동,세종특별자치시 세종특별자치시 한누리대로 292,127.257035817197,36.4903558425538,#카페 #세종
호떡박스,도담동,세종특별자치시 세종특별자치시 보듬4로 19,127.262615662878,36.5133862309253,#카페 #세종
풍류다방,장군면,세종특별자치시 세종특별자치시 장군면 금암길 110-20,127.221284605748,36.4377636095315,#카페 #세종
이디야커피세종시부강점,부강면,세종특별자치시 세종특별자치시 부강면 청연로 123,127.361570376403,36.5325200784907,#카페 #세종
이디야세종고려대점,조치원읍,세종특별자치시 세종특별자치시 조치원읍 세종로 2511,127.29100505959,36.6116983991663,#카페 #세종
도담도담카페,도담동,세종특별자치시 세종특별자치시 한누리대로 587,127.258447866369,36.5156211823447,#카페 #세종
옛날다방,조치원읍,세종특별자치시 세종특별자치시 조치원읍 으뜸길 208-1,127.297234213903,36.6008513381509,#카페 #세종
디엠-카페브릿지기독교서점봄,새롬동,세종특별자치시 세종특별자치시 새롬중앙로 64,127.250997202613,36.486637906097,#카페 #세종
보비스쿰카페테리아,반곡동,세종특별자치시 세종특별자치시 남세종로 263,127.309810225038,36.4811648505763,#카페 #세종
차스,조치원읍,세종특별자치시 세종특별자치시 조치원읍 행복3길 13,127.291435070425,36.6041818528657,#카페 #세종
로비,조치원읍,세종특별자치시 세종특별자치시 조치원읍 신안새동네길 54,127.288561263731,36.6158135298784,#카페 #세종
쉬즈베이글세종&샐러데이즈,보람동,세종특별자치시 세종특별자치시 시청대로 163,127.289422449002,36.4811259246567,#카페 #세종
모시울,조치원읍,세종특별자치시 세종특별자치시 조치원읍 장안로 74,127.301883809397,36.5951804935354,#카페 #세종
앙,나성동,세종특별자치시 세종특별자치시 한누리대로 207,127.259690382265,36.4831858920076,#카페 #세종
투썸플레이스세종고운,고운동,세종특별자치시 세종특별자치시 마음안1로 137,127.236189832978,36.5202992579978,#카페 #세종
투썸플레이스세종고운힐데스점,고운동,세종특별자치시 세종특별자치시 만남로 21,127.235865357997,36.5016730390729,#카페 #세종
미인다방,부강면,세종특별자치시 세종특별자치시 부강면 부강2길 9,127.366674359987,36.5303507518356,#카페 #세종
이디야갈매점,어진동,세종특별자치시 세종특별자치시 갈매로 353,127.262432847302,36.4956068486119,#카페 #세종
카페드몰로,종촌동,세종특별자치시 세종특별자치시 도움1로 108,127.24763333712,36.5026765107161,#카페 #세종
딜리포인트,조치원읍,세종특별자치시 세종특별자치시 조치원읍 원마루길 8,127.292494813253,36.609559054567,#카페 #세종
세종커피,나성동,세종특별자치시 세종특별자치시 한누리대로 193,127.260501300237,36.4820756999318,#카페 #세종
이디엘,집현동,세종특별자치시 세종특별자치시 집현중앙7로 6,127.330439320669,36.4986099472331,#카페 #세종
로만플라워카페,소담동,세종특별자치시 세종특별자치시 남세종로 357,127.298804198495,36.4803368175813,#카페 #세종
더크커피,어진동,세종특별자치시 세종특별자치시 다솜1로 21,127.256120154559,36.500369658425,#카페 #세종
빽다방세종고운남측점,고운동,세종특별자치시 세종특별자치시 마음로 70,127.234379731269,36.5050192540255,#카페 #세종
달빛가득카페,종촌동,세종특별자치시 세종특별자치시 도움3로 125,127.246869360391,36.5046336009578,#카페 #세종
호구커피,나성동,세종특별자치시 세종특별자치시 한누리대로 321,127.255783411452,36.4930079351751,#카페 #세종
카페봄봄,고운동,세종특별자치시 세종특별자치시 마음로 264,127.234601515462,36.5193291471418,#카페 #세종
아임일리터나성점,나성동,세종특별자치시 세종특별자치시 나성북로 21,127.258942463129,36.4898200373767,#카페 #세종
피크닉백,보람동,세종특별자치시 세종특별자치시 시청대로 167,127.289902956208,36.4813049898202,#카페 #세종
인스,고운동,세종특별자치시 세종특별자치시 마음안로 69,127.234623606071,36.5081547942866,#카페 #세종
커피에반하다본푸드서비스정부세종,어진동,세종특별자치시 세종특별자치시 도움6로 42,127.264039135294,36.5019113942876,#카페 #세종
리브인네이처,장군면,세종특별자치시 세종특별자치시 장군면 밤실길 181-245,127.208684328552,36.5219185571951,#카페 #세종
707COFFEE세종,보람동,세종특별자치시 세종특별자치시 남세종로 466,127.288379494824,36.47672178653,#카페 #세종
공차,고운동,세종특별자치시 세종특별자치시 세종로 1229,127.24105560003,36.5124404773665,#카페 #세종
문,소담동,세종특별자치시 세종특별자치시 한누리대로 2009,127.300707872838,36.4849459607446,#카페 #세종
그린브라우니부강점,부강면,세종특별자치시 세종특별자치시 부강면 부강외천로 36,127.371843066859,36.5277664766274,#카페 #세종
세종특별자치시지체장애인협회북가페쉼표,고운동,세종특별자치시 세종특별자치시 세종로 1207,127.240558437698,36.5105130109451,#카페 #세종
파스콜로아름점,아름동,세종특별자치시 세종특별자치시 세종로 1232,127.241882260561,36.5126190348521,#카페 #세종
컴포즈커피세종새롬점,새롬동,세종특별자치시 세종특별자치시 새롬중앙로 47,127.250779909294,36.485007267201,#카페 #세종
텐퍼센트커피세종아름,아름동,세종특별자치시 세종특별자치시 아름서길 3,127.243376960893,36.5122284985159,#카페 #세종
프린스토스트,조치원읍,세종특별자치시 세종특별자치시 조치원읍 조치원로 26,127.299571847612,36.6013140776912,#카페 #세종
해피포키,반곡동,세종특별자치시 세종특별자치시 한누리대로 1952,127.302547021288,36.4901229614855,#카페 #세종
보드막보드카페,조치원읍,세종특별자치시 세종특별자치시 조치원읍 행복12길 3,127.292942148807,36.6037095655786,#카페 #세종
크로플로,보람동,세종특별자치시 세종특별자치시 시청대로 210,127.293198458812,36.4822521651898,#카페 #세종
감성세종,어진동,세종특별자치시 세종특별자치시 도움8로 81,127.270599994927,36.504419927287,#카페 #세종
그린카페,조치원읍,세종특별자치시 세종특별자치시 조치원읍 내창3길 12,127.289323450392,36.6073860410836,#카페 #세종
카페일마지오안,어진동,세종특별자치시 세종특별자치시 도움6로 11,127.26225248117,36.5050062966349,#카페 #세종
카페일마지오기획재정부점,어진동,세종특별자치시 세종특별자치시 갈매로 477,127.266453535521,36.5061594771088,#카페 #세종
카페일마지오공정거래위원회점,어진동,세종특별자치시 세종특별자치시 다솜3로 95,127.269092206682,36.5041710144126,#카페 #세종
카페재생,연서면,세종특별자치시 세종특별자치시 연서면 고복오봉산길 18,127.255123282673,36.6080499043611,#카페 #세종
카페일마지오농림부점,어진동,세종특별자치시 세종특별자치시 다솜2로 94,127.26501947194,36.5046216970347,#카페 #세종
디어블루,조치원읍,세종특별자치시 세종특별자치시 조치원읍 섭골길 70,127.287200412442,36.6166008070557,#카페 #세종
카페하노이,나성동,세종특별자치시 세종특별자치시 나성북로 30,127.260245709996,36.4890692415853,#카페 #세종
어나언,고운동,세종특별자치시 세종특별자치시 마음안1로 137,127.236189832978,36.5202992579978,#카페 #세종
블랙와인세종아름점,아름동,세종특별자치시 세종특별자치시 아름서길 3,127.243376960893,36.5122284985159,#카페 #세종
감성커피,조치원읍,세종특별자치시 세종특별자치시 조치원읍 으뜸길 260,127.296661781815,36.6031326468862,#카페 #세종
707COFFEE아름점,아름동,세종특별자치시 세종특별자치시 보듬3로 143,127.243631828538,36.5116242050304,#카페 #세종
달다곰이,가람동,세종특별자치시 세종특별자치시 금송로 687,127.2509910659,36.4708946721917,#카페 #세종
공차,종촌동,세종특별자치시 세종특별자치시 달빛로 59,127.24975917277,36.5042400893976,#카페 #세종
해이이투힐,보람동,세종특별자치시 세종특별자치시 시청대로 137,127.286773587994,36.4799968608105,#카페 #세종
빽다방세종해밀점,해밀동,세종특별자치시 세종특별자치시 해밀3로 51,127.265191901948,36.5289884883793,#카페 #세종
부강다방,부강면,세종특별자치시 세종특별자치시 부강면 부촌길 26,127.367749565241,36.5286803169386,#카페 #세종
요거프레소세종,어진동,세종특별자치시 세종특별자치시 도움8로 91,127.271748770269,36.5041469697027,#카페 #세종
빈스텔라,연동면,세종특별자치시 세종특별자치시 연동면 태산로 155,127.355088555118,36.5215905913579,#카페 #세종
더벤티세종아름점,아름동,세종특별자치시 세종특별자치시 아름서1길 13-12,127.243196540875,36.5116521278511,#카페 #세종
스위트99,어진동,세종특별자치시 세종특별자치시 다솜로 7,127.256448053889,36.4982602496499,#카페 #세종
카페리프,도담동,세종특별자치시 세종특별자치시 보듬3로 8-37,127.257844863467,36.5155774296236,#카페 #세종
다올,연서면,세종특별자치시 세종특별자치시 연서면 도신고복로 587,127.227034532546,36.6003929643414,#카페 #세종
아임일리터집현점,집현동,세종특별자치시 세종특별자치시 집현동로 77,127.325362834703,36.4910902452469,#카페 #세종
사랑방다실,금남면,세종특별자치시 세종특별자치시 금남면 용포로 85-2,127.281334631689,36.4663842814351,#카페 #세종
오카페,나성동,세종특별자치시 세종특별자치시 나성로 33-10,127.262489328418,36.4825759920035,#카페 #세종
메가엠지씨커피세종집현점,집현동,세종특별자치시 세종특별자치시 남세종로 73,127.32566789936,36.4919815567079,#카페 #세종
바림,금남면,세종특별자치시 세종특별자치시 금남면 발산2길 22,127.28550584698,36.4568491065014,#카페 #세종
브리즈가든,어진동,세종특별자치시 세종특별자치시 도움8로 91,127.271748770269,36.5041469697027,#카페 #세종
갤러리카페아미,연동면,세종특별자치시 세종특별자치시 연동면 노송강당길 33,127.327661861607,36.5731425905556,#카페 #세종
달데이,한솔동,세종특별자치시 세종특별자치시 누리로 59,127.249052103928,36.4751522087677,#카페 #세종
카페바이브,소담동,세종특별자치시 세종특별자치시 법원2로 12,127.303413920254,36.4863359035943,#카페 #세종
클로버샵,어진동,세종특별자치시 세종특별자치시 가름로 232,127.264910667014,36.4956193959394,#카페 #세종
빽다방세종시정부,어진동,세종특별자치시 세종특별자치시 도움8로 11-11,127.262797201934,36.5076454807569,#카페 #세종
메가엠지씨커피세종AK플라자점,어진동,세종특별자치시 세종특별자치시 가름로 143,127.256327980609,36.4990805594857,#카페 #세종
와드커피세종,보람동,세종특별자치시 세종특별자치시 한누리대로 2144,127.28796311288,36.4787864444893,#카페 #세종
카페일마지오정부세종청사중앙동점,어진동,세종특별자치시 세종특별자치시 도움6로 42,127.264039135294,36.5019113942876,#카페 #세종
메가엠지씨커피세종첫,나성동,세종특별자치시 세종특별자치시 한누리대로 193,127.260501300237,36.4820756999318,#카페 #세종
춘커피,고운동,세종특별자치시 세종특별자치시 밝은뜰로 15,127.231860633752,36.5249486880614,#카페 #세종
드로와유,금남면,세종특별자치시 세종특별자치시 금남면 대박길 5-12,127.343903200159,36.4790979340857,#카페 #세종
정다실,조치원읍,세종특별자치시 세종특별자치시 조치원읍 새내7길 6,127.298200784696,36.5993530319398,#카페 #세종
오투,금남면,세종특별자치시 세종특별자치시 금남면 금남구즉로 386,127.318231363918,36.480196475194,#카페 #세종
파스쿠찌중앙동점,어진동,세종특별자치시 세종특별자치시 도움6로 42,127.264039135294,36.5019113942876,#카페 #세종
파란만잔세종아름점,아름동,세종특별자치시 세종특별자치시 보듬3로 101,127.248409067423,36.5113980758168,#카페 #세종
개울사랑,전의면,세종특별자치시 세종특별자치시 전의면 금반형길 7,127.204076392656,36.6758955904669,#카페 #세종
공차세종나성점,나성동,세종특별자치시 세종특별자치시 한누리대로 193,127.260501300237,36.4820756999318,#카페 #세종
프랑수아갤러리카페,금남면,세종특별자치시 세종특별자치시 금남면 용포2길 51,127.278345825876,36.4636157151854,#카페 #세종
컴포즈커피세종전통,조치원읍,세종특별자치시 세종특별자치시 조치원읍 조치원로 22-1,127.299269914888,36.6012697792812,#카페 #세종
왕산두레마을협동조합,연기면,세종특별자치시 세종특별자치시 연기면 수산길 2,127.228351931964,36.5429965009022,#카페 #세종
카페프리헷세종,어진동,세종특별자치시 세종특별자치시 가름로 180,127.259871941943,36.4974508123465,#카페 #세종
블루샥,반곡동,세종특별자치시 세종특별자치시 국책연구원3로 6,127.303771018694,36.4920483252509,#카페 #세종
카페일마지오국무조정실점,어진동,세종특별자치시 세종특별자치시 다솜로 261,127.271185909927,36.5027875067431,#카페 #세종
가온로8,다정동,세종특별자치시 세종특별자치시 가온로 8,127.254874315569,36.4914598908331,#카페 #세종
메종쇼당,집현동,세종특별자치시 세종특별자치시 집현중앙7로 6,127.330439320669,36.4986099472331,#카페 #세종
커피이루다,조치원읍,세종특별자치시 세종특별자치시 조치원읍 충현로 93,127.295475574918,36.5968816845889,#카페 #세종
달리는커피,다정동,세종특별자치시 세종특별자치시 다정중앙로 53,127.248536204364,36.4952941660896,#카페 #세종
바이서유,연서면,세종특별자치시 세종특별자치시 연서면 도신고복로 779,127.237206639706,36.611907744442,#카페 #세종
제주도화,연서면,세종특별자치시 세종특별자치시 연서면 와룡로 606,127.227697000209,36.5976342084107,#카페 #세종
카페스테이인터뷰나성,나성동,세종특별자치시 세종특별자치시 나성북로 47,127.260811179015,36.4912938647618,#카페 #세종
오프사이드,장군면,세종특별자치시 세종특별자치시 장군면 장척로 274,127.195683533397,36.4889672991069,#카페 #세종
카페녹녹,집현동,세종특별자치시 세종특별자치시 집현중앙7로 6,127.330439320669,36.4986099472331,#카페 #세종
카페잔디,새롬동,세종특별자치시 세종특별자치시 새롬로 26,127.256200337861,36.4874378897232,#카페 #세종
전동공방찻집,전동면,세종특별자치시 세종특별자치시 전동면 운주산로 363,127.265854752988,36.6539753527294,#카페 #세종
대평커피,대평동,세종특별자치시 세종특별자치시 대평로 87,127.275873966015,36.474444384492,#카페 #세종
로스터리카페쉬폰,고운동,세종특별자치시 세종특별자치시 세종로 1219,127.241041921585,36.5116294662991,#카페 #세종
빽다방세종집현점,집현동,세종특별자치시 세종특별자치시 남세종로 73,127.32566789936,36.4919815567079,#카페 #세종
인생찜질,고운동,세종특별자치시 세종특별자치시 마음안로 161,127.23377685631,36.5161226601058,#카페 #세종
이응커피,보람동,세종특별자치시 세종특별자치시 시청대로 123,127.285342946956,36.479369479645,#카페 #세종
카페파르페,나성동,세종특별자치시 세종특별자치시 한누리대로 321,127.255783411452,36.4930079351751,#카페 #세종
일마지오세종도서관점,어진동,세종특별자치시 세종특별자치시 다솜3로 48,127.268392862138,36.4988287397572,#카페 #세종
메가엠지씨커피세종,어진동,세종특별자치시 세종특별자치시 절재로 194,127.262453375785,36.5083040803035,#카페 #세종
카페부촌,고운동,세종특별자치시 세종특별자치시 고운서길 14,127.234895381888,36.5057391640532,#카페 #세종
메가엠지씨커피세종아름점,아름동,세종특별자치시 세종특별자치시 보듬3로 92,127.24947123446,36.5119095170718,#카페 #세종
컴포즈커피조치,조치원읍,세종특별자치시 세종특별자치시 조치원읍 이화로 26,127.287759780739,36.5926471795182,#카페 #세종
드롭탑,도담동,세종특별자치시 세종특별자치시 보듬8로 35,127.262766656547,36.5184233441999,#카페 #세종
프랭크커핀바,나성동,세종특별자치시 세종특별자치시 나성북1로 23,127.257434629454,36.4928331641824,#카페 #세종
다연재,부강면,세종특별자치시 세종특별자치시 부강면 갈산길 73,127.362737154604,36.5384731212129,#카페 #세종
투썸플레이스세종,나성동,세종특별자치시 세종특별자치시 나성로 133-15,127.257683653395,36.4905166535037,#카페 #세종
아워해피데이,나성동,세종특별자치시 세종특별자치시 나성로 96,127.26100060885,36.487878065118,#카페 #세종
사감커피,어진동,세종특별자치시 세종특별자치시 갈매로 353,127.262622494294,36.49557939664,#카페 #세종
온,나성동,세종특별자치시 세종특별자치시 나성로 38,127.263753403522,36.4834833743255,#카페 #세종
팜카페상생,연서면,세종특별자치시 세종특별자치시 연서면 월하천로 289,127.283184423674,36.5729952079097,#카페 #세종
카페하타,다정동,세종특별자치시 세종특별자치시 다정북로 109,127.242245275721,36.4965597121955,#카페 #세종
파란만잔세종정부,어진동,세종특별자치시 세종특별자치시 절재로 194,127.262453375785,36.5083040803035,#카페 #세종
에피루틴,어진동,세종특별자치시 세종특별자치시 도움1로 7,127.258118199861,36.500392387078,#카페 #세종
달다곰이카페베이커리,어진동,세종특별자치시 세종특별자치시 절재로 154,127.258800047775,36.5073928842338,#카페 #세종
투썸플레이스세종대평펜트빌점케이디,대평동,세종특별자치시 세종특별자치시 한누리대로 2261,127.27758484677,36.4723497279045,#카페 #세종
투썸플레이스고복LAKE점,연서면,세종특별자치시 세종특별자치시 연서면 도신고복로 603,127.227552024344,36.6015454378066,#카페 #세종
백억커피세종새롬점,새롬동,세종특별자치시 세종특별자치시 새롬중앙로 67,127.250227987985,36.4868918458272,#카페 #세종
두드림카페테리아,금남면,세종특별자치시 세종특별자치시 금남면 용포로 119-41,127.279510501785,36.4679475743463,#카페 #세종
에스프레소,금남면,세종특별자치시 세종특별자치시 금남면 용포로 77-4,127.28079721716,36.4658628741149,#카페 #세종
리틀리커피한전,소담동,세종특별자치시 세종특별자치시 법원로 18,127.305828279439,36.4844733571838,#카페 #세종
인포마,나성동,세종특별자치시 세종특별자치시 나성남로 7-16,127.262165164971,36.4824144961618,#카페 #세종
댕's프레소,연서면,세종특별자치시 세종특별자치시 연서면 도신고복로 741,127.233425516742,36.6109149463628,#카페 #세종
카페하타새롬점,새롬동,세종특별자치시 세종특별자치시 새롬남로 17,127.248656280057,36.4839753795518,#카페 #세종
컨티뉴커피,고운동,세종특별자치시 세종특별자치시 마음로 238,127.232442857588,36.5180267009296,#카페 #세종
몽플,나성동,세종특별자치시 세종특별자치시 나성북로 30,127.260245709996,36.4890692415853,#카페 #세종
파운드하우스,어진동,세종특별자치시 세종특별자치시 다솜로 7,127.256280750752,36.4982966553763,#카페 #세종
카페다온,세종동,세종특별자치시 세종특별자치시 어울누리로 130,127.272522580746,36.4892490995159,#카페 #세종
그린브라우니장군점,장군면,세종특별자치시 세종특별자치시 장군면 무넘이길 46,127.199991906189,36.4978545819007,#카페 #세종
스위치커피,고운동,세종특별자치시 세종특별자치시 세종로 1215,127.241029165526,36.5111158341683,#카페 #세종
우리들의공간커피&펍,연기면,세종특별자치시 세종특별자치시 연기면 조뱅이길 76-15,127.233514438544,36.5365342692227,#카페 #세종
시월애,조치원읍,세종특별자치시 세종특별자치시 조치원읍 조치원7길 107,127.299502224423,36.6064327220037,#카페 #세종
컴포즈커피세종아름점,아름동,세종특별자치시 세종특별자치시 보듬3로 100,127.248622929287,36.5119473342446,#카페 #세종
눈앞에과일,나성동,세종특별자치시 세종특별자치시 나성북1로 23,127.257434629454,36.4928331641824,#카페 #세종
컴포즈커피,도담동,세종특별자치시 세종특별자치시 보듬3로 6,127.258806404858,36.5126556101733,#카페 #세종
정진원의커피볶는집,고운동,세종특별자치시 세종특별자치시 만남로 146,127.240106339778,36.5123252417548,#카페 #세종
프리퀀트,어진동,세종특별자치시 세종특별자치시 절재로 172,127.260175571403,36.5081378504265,#카페 #세종
빽다방세종,보람동,세종특별자치시 세종특별자치시 한누리대로 2143,127.288451387653,36.4780553271129,#카페 #세종
파스쿠찌세종베스트웨스턴호텔점,어진동,세종특별자치시 세종특별자치시 도움1로 7,127.258407986548,36.5002655980011,#카페 #세종
대중양품,대평동,세종특별자치시 세종특별자치시 한누리대로 2257,127.277998615873,36.4726101009768,#카페 #세종
제이더블유커피랩,조치원읍,세종특별자치시 세종특별자치시 조치원읍 새내16길 8,127.298072899937,36.6038770713405,#카페 #세종
프롬더희,집현동,세종특별자치시 세종특별자치시 집현중앙7로 6,127.330439320669,36.4986099472331,#카페 #세종
로프티커피,어진동,세종특별자치시 세종특별자치시 도움8로 81,127.270645302959,36.5046090669854,#카페 #세종
카페브릭,금남면,세종특별자치시 세종특별자치시 금남면 발산1길 57,127.284186276088,36.4559691171787,#카페 #세종
투썸플레이스,다정동,세종특별자치시 세종특별자치시 다정중앙로 45,127.248600434433,36.4944379335418,#카페 #세종
카페;치유하다,아름동,세종특별자치시 세종특별자치시 보듬3로 95,127.24891138949,36.5113880172092,#카페 #세종
세종중문교회,소담동,세종특별자치시 세종특별자치시 금남구즉로 225,127.301777321065,36.4787072520475,#카페 #세종
아임일리터세종,종촌동,세종특별자치시 세종특별자치시 도움1로 108,127.24763333712,36.5026765107161,#카페 #세종
휴카페,나성동,세종특별자치시 세종특별자치시 나성로 96,127.26100060885,36.487878065118,#카페 #세종
버닝브라운{BURNINGBROWN],어진동,세종특별자치시 세종특별자치시 갈매로 353,127.262432847302,36.4956068486119,#카페 #세종
꾸덕커피,고운동,세종특별자치시 세종특별자치시 마음안1로 7,127.231918650183,36.5144591527877,#카페 #세종
글로벌팩토리,어진동,세종특별자치시 세종특별자치시 절재로 194,127.262453375785,36.5083040803035,#카페 #세종
카페시온,대평동,세종특별자치시 세종특별자치시 금남구즉로 19,127.283097531041,36.4694801028566,#카페 #세종
에이전트디저트랩,어진동,세종특별자치시 세종특별자치시 절재로 194,127.262453375785,36.5083040803035,#카페 #세종
예스플리즈,나성동,세종특별자치시 세종특별자치시 나성로 96,127.26100060885,36.487878065118,#카페 #세종
용팔이다방,전의면,세종특별자치시 세종특별자치시 전의면 만세길 20-16,127.205179525049,36.6784529035241,#카페 #세종
우리다방,조치원읍,세종특별자치시 세종특별자치시 조치원읍 조치원로 7-1,127.297717109698,36.6014538962509,#카페 #세종
빽다방세종,반곡동,세종특별자치시 세종특별자치시 한누리대로 1828,127.311741469661,36.4980564945331,#카페 #세종
순수,조치원읍,세종특별자치시 세종특별자치시 조치원읍 행복10길 11,127.291122631616,36.6043177873623,#카페 #세종
운주커피바,전의면,세종특별자치시 세종특별자치시 전의면 읍내길 23,127.203934115339,36.6813296455322,#카페 #세종
이디야커피다정동점,다정동,세종특별자치시 세종특별자치시 다정중앙로 51,127.248557576142,36.4949967399166,#카페 #세종
우디,어진동,세종특별자치시 세종특별자치시 가름로 232,127.264910667014,36.4956193959394,#카페 #세종
커피사피엔스세종정부,어진동,세종특별자치시 세종특별자치시 도움8로 11-11,127.262797201934,36.5076454807569,#카페 #세종
더연서,연서면,세종특별자치시 세종특별자치시 연서면 대첩로 242-3,127.270962055259,36.5922089452946,#카페 #세종
이브다방,조치원읍,세종특별자치시 세종특별자치시 조치원읍 조치원7길 6,127.300612846873,36.6017259805563,#카페 #세종
커피꼴랑,나성동,세종특별자치시 세종특별자치시 나성로 41,127.262882153392,36.48324198423,#카페 #세종
셀렉토커피세종예미지점,새롬동,세종특별자치시 세종특별자치시 새롬남로 102,127.256862375826,36.4851475258815,#카페 #세종
읍천리382세종,보람동,세종특별자치시 세종특별자치시 시청대로 163,127.289422449002,36.4811259246567,#카페 #세종
메가엠지씨커피세종,반곡동,세종특별자치시 세종특별자치시 한누리대로 1834,127.311104982692,36.4979860635314,#카페 #세종
무지개카페,조치원읍,세종특별자치시 세종특별자치시 조치원읍 죽림로 25,127.294328390929,36.5920273757147,#카페 #세종
풍류아리랑,금남면,세종특별자치시 세종특별자치시 금남면 용포로 53,127.280520786061,36.4634574257854,#카페 #세종
크로플덕오리아가씨,조치원읍,세종특별자치시 세종특별자치시 조치원읍 행복8길 2,127.291297020006,36.6031368689119,#카페 #세종
바리스타래빗,어진동,세종특별자치시 세종특별자치시 도움8로 11-11,127.262797201934,36.5076454807569,#카페 #세종
컴포즈커피세종,종촌동,세종특별자치시 세종특별자치시 도움1로 106,127.248124929699,36.5028196741882,#카페 #세종
언노크,새롬동,세종특별자치시 세종특별자치시 새롬로 26,127.256200337861,36.4874378897232,#카페 #세종
이디야커피세종명학,연동면,세종특별자치시 세종특별자치시 연동면 명학산단1로 18,127.336601659765,36.5401177486949,#카페 #세종
빽다방세종,조치원읍,세종특별자치시 세종특별자치시 조치원읍 섭골길 99,127.285431373568,36.6188669120071,#카페 #세종
크림당,나성동,세종특별자치시 세종특별자치시 나성로 41,127.262882153392,36.48324198423,#카페 #세종
키즈다쿵2,보람동,세종특별자치시 세종특별자치시 한누리대로 2165,127.286462382431,36.4773031452894,#카페 #세종
땅콩228,소정면,세종특별자치시 세종특별자치시 소정면 소정구길 228,127.158342097961,36.7244277892292,#카페 #세종
메가엠지씨커피세종고운남측점,고운동,세종특별자치시 세종특별자치시 고운서길 7,127.234748962734,36.5053068977474,#카페 #세종
페이버디저트&샌드위치,해밀동,세종특별자치시 세종특별자치시 해밀3로 85,127.267732795894,36.5307941250204,#카페 #세종
메가엠지씨커피세종봉암점,연서면,세종특별자치시 세종특별자치시 연서면 당산로 345,127.282442383297,36.5625076424962,#카페 #세종
카페네이비블루,장군면,세종특별자치시 세종특별자치시 장군면 당암길 42,127.233107709064,36.49774040675,#카페 #세종
스트릿1988세종나성점,나성동,세종특별자치시 세종특별자치시 한누리대로 205,127.25992382445,36.4829150363117,#카페 #세종
방그레커피,보람동,세종특별자치시 세종특별자치시 시청대로 123,127.285342946956,36.479369479645,#카페 #세종
빽다방세종고운하모니점,고운동,세종특별자치시 세종특별자치시 마음로 272-28,127.235505649137,36.5192642847768,#카페 #세종
쉬즈베이글,고운동,세종특별자치시 세종특별자치시 마음안로 34,127.238766673925,36.5086782553702,#카페 #세종
카페요아정,도담동,세종특별자치시 세종특별자치시 한누리대로 589,127.258460079161,36.5159365595042,#카페 #세종
컴포즈커피세종산울점,산울동,세종특별자치시 세종특별자치시 산울2로 10,127.262436093917,36.5296344011992,#카페 #세종
카페205,나성동,세종특별자치시 세종특별자치시 한누리대로 205,127.25992382445,36.4829150363117,#카페 #세종
바닐라가든,조치원읍,세종특별자치시 세종특별자치시 조치원읍 내창1길 35,127.289673479876,36.608331386304,#카페 #세종
빽다방세종부강점,부강면,세종특별자치시 세종특별자치시 부강면 부강로 53,127.365067267197,36.5305268999858,#카페 #세종
빽다방세종고대점,조치원읍,세종특별자치시 세종특별자치시 조치원읍 내창3길 24,127.289260257392,36.6084225038727,#카페 #세종
카이로스,나성동,세종특별자치시 세종특별자치시 한누리대로 165,127.262022941016,36.4799456346543,#카페 #세종
감성커피,다정동,세종특별자치시 세종특별자치시 다정중앙로 40,127.24938042753,36.494039796892,#카페 #세종
어쿠스틱,금남면,세종특별자치시 세종특별자치시 금남면 용포로 87-4,127.281246906619,36.4668080334532,#카페 #세종
우디와나,도담동,세종특별자치시 세종특별자치시 보듬4로 9,127.260705775683,36.5131200741657,#카페 #세종
컴포즈커피세종아름송남,아름동,세종특별자치시 세종특별자치시 보듬3로 154,127.242651419214,36.5122570111687,#카페 #세종
커피역,연동면,세종특별자치시 세종특별자치시 연동면 연지길 7,127.326986434062,36.5560317165019,#카페 #세종
엑스트라커피,도담동,세종특별자치시 세종특별자치시 보듬4로 9,127.260705775683,36.5131200741657,#카페 #세종
메가엠지씨커피세종,종촌동,세종특별자치시 세종특별자치시 도움1로 106,127.248124929699,36.5028196741882,#카페 #세종
유로비카페,보람동,세종특별자치시 세종특별자치시 시청대로 163,127.289422449002,36.4811259246567,#카페 #세종
빙동댕세종아름점,아름동,세종특별자치시 세종특별자치시 보듬3로 95,127.24891138949,36.5113880172092,#카페 #세종
텐퍼센트커피세종자이더시티점,산울동,세종특별자치시 세종특별자치시 산울3로 45,127.258514311388,36.5322382806612,#카페 #세종
빽다방세종시립도서관점,고운동,세종특별자치시 세종특별자치시 세종로 1219,127.241041921585,36.5116294662991,#카페 #세종
토이베,어진동,세종특별자치시 세종특별자치시 도움8로 81,127.270645302959,36.5046090669854,#카페 #세종
카페;좋아라,한솔동,세종특별자치시 세종특별자치시 노을1로 16,127.26084173607,36.4804348480337,#카페 #세종
커피앤드토스트,새롬동,세종특별자치시 세종특별자치시 새롬로 56,127.255391373659,36.4891788577343,#카페 #세종
컴포즈커피세종부강점,부강면,세종특별자치시 세종특별자치시 부강면 부강외천로 76,127.375576955269,36.5263940430888,#카페 #세종
세컨드세컨드,전동면,세종특별자치시 세종특별자치시 전동면 깊은내길 82,127.267071362504,36.6467906037937,#카페 #세종
카페아이와,나성동,세종특별자치시 세종특별자치시 나성로 96,127.26100060885,36.487878065118,#카페 #세종
딸기공장,보람동,세종특별자치시 세종특별자치시 한누리대로 2149,127.287836768478,36.4778134984346,#카페 #세종
발렌시아카페,보람동,세종특별자치시 세종특별자치시 시청대로 115,127.284605317695,36.4790558357959,#카페 #세종
빽다방,다정동,세종특별자치시 세종특별자치시 다정중앙로 53,127.248536204364,36.4952941660896,#카페 #세종
이디야세종시,나성동,세종특별자치시 세종특별자치시 국세청로 32,127.261966640899,36.4864250846512,#카페 #세종
투썸플레이스세종,어진동,세종특별자치시 세종특별자치시 도움8로 91,127.271748770269,36.5041469697027,#카페 #세종
몬스터커피,다정동,세종특별자치시 세종특별자치시 다정중앙로 39,127.248654913885,36.4940232879542,#카페 #세종
엠그로브,도담동,세종특별자치시 세종특별자치시 보듬8로 39,127.263079532908,36.5185037583068,#카페 #세종
빽다방세종용포대평,금남면,세종특별자치시 세종특별자치시 금남면 용포로 86-1,127.281601907631,36.4662484770785,#카페 #세종
쉼,고운동,세종특별자치시 세종특별자치시 마음로 272-9,127.236108175904,36.5191459437526,#카페 #세종
빽다방세종산울마을7단지점,산울동,세종특별자치시 세종특별자치시 산울7로 11,127.264577662565,36.5322339955162,#카페 #세종
메가엠지씨커피세종대평점,대평동,세종특별자치시 세종특별자치시 한누리대로 2236,127.277222867688,36.4740988181959,#카페 #세종
이디야커피세종시고운동점,고운동,세종특별자치시 세종특별자치시 마음로 67,127.232782907289,36.5048241262982,#카페 #세종
언노운,산울동,세종특별자치시 세종특별자치시 산울7로 11,127.264145864812,36.530036144768,#카페 #세종
플러스82,나성동,세종특별자치시 세종특별자치시 한누리대로 331,127.255831106978,36.4939360242435,#카페 #세종
더블리스,반곡동,세종특별자치시 세종특별자치시 한누리대로 1952,127.302547021288,36.4901229614855,#카페 #세종
이디야커피세종시첫,한솔동,세종특별자치시 세종특별자치시 나리1로 15,127.259463993629,36.4788788471821,#카페 #세종
빽다방세종조치원역점,조치원읍,세종특별자치시 세종특별자치시 조치원읍 으뜸길 208,127.297055187678,36.6007977161354,#카페 #세종
오토엠,부강면,세종특별자치시 세종특별자치시 부강면 금강자전거길 13020,127.395742279891,36.4935720213216,#카페 #세종
빽다방세종전의점,전의면,세종특별자치시 세종특별자치시 전의면 운주산로 1200,127.203728075608,36.6795637847799,#카페 #세종
메가엠지씨커피세종한솔초교점,한솔동,세종특별자치시 세종특별자치시 누리로 27,127.251531164673,36.4757507861929,#카페 #세종
텐퍼센트커피세종새롬점,새롬동,세종특별자치시 세종특별자치시 새롬중앙로 47,127.250779909294,36.485007267201,#카페 #세종
아름나무,금남면,세종특별자치시 세종특별자치시 금남면 용포로 31-1,127.279977403548,36.4612688809427,#카페 #세종
파랑새커피숍,도담동,세종특별자치시 세종특별자치시 보듬4로 9,127.260705775683,36.5131200741657,#카페 #세종
피엠,조치원읍,세종특별자치시 세종특별자치시 조치원읍 행복12길 9-15,127.293257310792,36.6042945308926,#카페 #세종
리아스커피,반곡동,세종특별자치시 세종특별자치시 한누리대로 1940,127.303231765659,36.4911395295341,#카페 #세종
히얼이즈커피세종,어진동,세종특별자치시 세종특별자치시 절재로 194,127.262453375785,36.5083040803035,#카페 #세종
빈스디저트카페,조치원읍,세종특별자치시 세종특별자치시 조치원읍 새내12길 28,127.299463916409,36.6023056021458,#카페 #세종
707커피,한솔동,세종특별자치시 세종특별자치시 노을1로 16,127.26084173607,36.4804348480337,#카페 #세종
슈퍼싸이즈세종아름점,아름동,세종특별자치시 세종특별자치시 보듬3로 91,127.249569911524,36.5113505951846,#카페 #세종
타이슨에스프레소,반곡동,세종특별자치시 세종특별자치시 시청대로 537,127.317517381949,36.4993839829642,#카페 #세종
스위츠브릿지,아름동,세종특별자치시 세종특별자치시 아름서1길 23,127.2435961922,36.5109394006266,#카페 #세종
커플릭스세종,보람동,세종특별자치시 세종특별자치시 한누리대로 2135,127.289267132783,36.4783687579004,#카페 #세종
커피&토스트,조치원읍,세종특별자치시 세종특별자치시 조치원읍 조치원로 64-1,127.303633309424,36.6024482463065,#카페 #세종
빽다방세종조치원욱일점,조치원읍,세종특별자치시 세종특별자치시 조치원읍 행복12길 1,127.292752078504,36.6036920098446,#카페 #세종
메가엠지씨커피세종나성BRT점,나성동,세종특별자치시 세종특별자치시 한누리대로 265,127.25673729213,36.4878242333317,#카페 #세종
청담커피,도담동,세종특별자치시 세종특별자치시 보듬4로 9,127.260705775683,36.5131200741657,#카페 #세종
시도,산울동,세종특별자치시 세종특별자치시 산울7로 11,127.264711689279,36.5322427096254,#카페 #세종
공차세종아름점,아름동,세종특별자치시 세종특별자치시 보듬3로 101,127.248409067423,36.5113980758168,#카페 #세종
꼬마들렌,어진동,세종특별자치시 세종특별자치시 갈매로 353,127.262432847302,36.4956068486119,#카페 #세종
스몰굿커피세종KT&G,어진동,세종특별자치시 세종특별자치시 한누리대로 411,127.25885733607,36.5011297331556,#카페 #세종
카페더엘,부강면,세종특별자치시 세종특별자치시 부강면 부강금호로 229-5,127.364090756942,36.5080011345943,#카페 #세종
티티247,나성동,세종특별자치시 세종특별자치시 나성로 96,127.26100060885,36.487878065118,#카페 #세종
어반라운지,조치원읍,세종특별자치시 세종특별자치시 조치원읍 신안새동네2길 15,127.288657636573,36.6146778632115,#카페 #세종
화림커피호프,조치원읍,세종특별자치시 세종특별자치시 조치원읍 조치원5길 10,127.299350342006,36.6018372950675,#카페 #세종
나는커피다,대평동,세종특별자치시 세종특별자치시 대평1길 38,127.277669994297,36.4711960457526,#카페 #세종
아웃오브컴포트,나성동,세종특별자치시 세종특별자치시 한누리대로 194,127.261461561141,36.4822448198422,#카페 #세종
여울카페,장군면,세종특별자치시 세종특별자치시 장군면 장척로 400,127.20522405551,36.4968724473137,#카페 #세종
벌통,조치원읍,세종특별자치시 세종특별자치시 조치원읍 세종로 2649,127.290206609939,36.6223427766037,#카페 #세종
차이난티,나성동,세종특별자치시 세종특별자치시 나성북로 30,127.260245709996,36.4890692415853,#카페 #세종
작은카페,나성동,세종특별자치시 세종특별자치시 나성북로 9,127.257848191286,36.4896511872386,#카페 #세종
청솔다방,전의면,세종특별자치시 세종특별자치시 전의면 읍내길 2,127.204578169119,36.6794992483506,#카페 #세종
카페U769,전의면,세종특별자치시 세종특별자치시 전의면 운주산로 1612,127.161166932182,36.6887754552179,#카페 #세종
쥬씨세종금남,금남면,세종특별자치시 세종특별자치시 금남면 용포로 53,127.280520786061,36.4634574257854,#카페 #세종
24시무인카페만월경지엘플렉스점,소담동,세종특별자치시 세종특별자치시 소담1로 16,127.30109699106,36.484566493603,#카페 #세종
108커피,조치원읍,세종특별자치시 세종특별자치시 조치원읍 새내로 108,127.298411044893,36.6017134911547,#카페 #세종
할리스AK&,어진동,세종특별자치시 세종특별자치시 한누리대로 411,127.25885733607,36.5011297331556,#카페 #세종
메가엠지씨커피세종시립도서관점,고운동,세종특별자치시 세종특별자치시 세종로 1219,127.241041921585,36.5116294662991,#카페 #세종
카페한솔,한솔동,세종특별자치시 세종특별자치시 누리로 28,127.254686409358,36.474969097017,#카페 #세종
히피,금남면,세종특별자치시 세종특별자치시 금남면 용포로 94-1,127.281805601007,36.4670410171934,#카페 #세종
에이프릴커피,다정동,세종특별자치시 세종특별자치시 다정남로 130,127.255100184929,36.4922704493367,#카페 #세종
커피인,소정면,세종특별자치시 세종특별자치시 소정면 도래말길 6,127.151184286439,36.6991695428681,#카페 #세종
스마일커피숍,연기면,세종특별자치시 세종특별자치시 연기면 당산로 214,127.278417884881,36.5523251416341,#카페 #세종
리프아뜰리에,도담동,세종특별자치시 세종특별자치시 보듬3로 8-37,127.257844863467,36.5155774296236,#카페 #세종
향다방,부강면,세종특별자치시 세종특별자치시 부강면 시장길 38,127.367733077823,36.5299149410751,#카페 #세종
카페45,나성동,세종특별자치시 세종특별자치시 나성북1로 51,127.260580190247,36.492303665038,#카페 #세종
메가엠지씨커피세종,어진동,세종특별자치시 세종특별자치시 절재로 194,127.262453375785,36.5083040803035,#카페 #세종
월하리149베이커리카페,연서면,세종특별자치시 세종특별자치시 연서면 당산로 470,127.289750230261,36.5720602638592,#카페 #세종
히스피세종정부,어진동,세종특별자치시 세종특별자치시 절재로 194,127.262453375785,36.5083040803035,#카페 #세종
메가엠지씨커피세종어반아트리움점,나성동,세종특별자치시 세종특별자치시 나성로 96,127.26100060885,36.487878065118,#카페 #세종
메가엠지씨커피세종봉안교차로점,장군면,세종특별자치시 세종특별자치시 장군면 장척로 577,127.222028517591,36.4991943777108,#카페 #세종
그린브라우니두만리점,금남면,세종특별자치시 세종특별자치시 금남면 안금로 379,127.278236575452,36.4299034548284,#카페 #세종
한글카페,대평동,세종특별자치시 세종특별자치시 한누리대로 2264,127.276806145107,36.473009382895,#카페 #세종
세종보람,보람동,세종특별자치시 세종특별자치시 남세종로 480,127.286125741318,36.4767902926034,#카페 #세종
카페뱅크,어진동,세종특별자치시 세종특별자치시 한누리대로 350,127.257231129216,36.4954199222281,#카페 #세종
사실빙세종새롬점,새롬동,세종특별자치시 세종특별자치시 새롬중앙로 63,127.250260337055,36.4865403264581,#카페 #세종
케이알유통탐앤탐스더,나성동,세종특별자치시 세종특별자치시 나성로 96,127.26100060885,36.487878065118,#카페 #세종
투썸세종,어진동,세종특별자치시 세종특별자치시 도움8로 91,127.271748770269,36.5041469697027,#카페 #세종
세종종촌,종촌동,세종특별자치시 세종특별자치시 도움3로 105-10,127.249379220178,36.5041057109551,#카페 #세종
도도,산울동,세종특별자치시 세종특별자치시 산울3로 45,127.258340972055,36.5304814120988,#카페 #세종
컴포즈커피세종봉암점,연서면,세종특별자치시 세종특별자치시 연서면 당산로 358,127.283238527428,36.5633348077316,#카페 #세종
세종소담,소담동,세종특별자치시 세종특별자치시 소담8로 6,127.299565174062,36.4866970791257,#카페 #세종
세종한솔,한솔동,세종특별자치시 세종특별자치시 노을3로 101,127.253408233033,36.47993720461,#카페 #세종
씨앤코컴퍼니한국영상대학교점블루포트,장군면,세종특별자치시 세종특별자치시 장군면 대학길 300,127.209740805703,36.4624132616539,#카페 #세종
킨어바웃커피,한솔동,세종특별자치시 세종특별자치시 노을3로 101,127.253408233033,36.47993720461,#카페 #세종
따봉이,한솔동,세종특별자치시 세종특별자치시 누리로 65,127.249318122628,36.4780804210522,#카페 #세종
투썸플레이스해밀점,해밀동,세종특별자치시 세종특별자치시 해밀3로 43,127.26448707171,36.5285845354515,#카페 #세종
세종금강DT,대평동,세종특별자치시 세종특별자치시 시청대로 45,127.277441999808,36.4760988817893,#카페 #세종
봉명동내커피 소담점,소담동,세종특별자치시 세종특별자치시 국책연구원1로 15,127.299860943643,36.4910489212888,#카페 #세종
디저트39 세종새롬점,새롬동,세종특별자치시 세종특별자치시 새롬중앙로 59,127.250314628425,36.486071610512,#카페 #세종
빽다방 세종도담센트럴점,도담동,세종특별자치시 세종특별자치시 한누리대로 583,127.258468995568,36.5152606752635,#카페 #세종
라라 북시드(Lara Book Seed),나성동,세종특별자치시 세종특별자치시 국세청로 32,127.261966640899,36.4864250846512,#카페 #세종
주식회사 디지온,집현동,세종특별자치시 세종특별자치시 집현중앙7로 6,127.330439320669,36.4986099472331,#카페 #세종
세종반곡,반곡동,세종특별자치시 세종특별자치시 한누리대로 1844,127.309932607933,36.4978809762338,#카페 #세종
봉명동내커피,조치원읍,세종특별자치시 세종특별자치시 조치원읍 새내로 129,127.297568083033,36.6033917177816,#카페 #세종
빙수당,도담동,세종특별자치시 세종특별자치시 보듬3로 8-5,127.258315748756,36.5128188813199,#카페 #세종
코드나인,조치원읍,세종특별자치시 세종특별자치시 조치원읍 원마루길 31-5,127.28968930797,36.6095749188621,#카페 #세종
세종아름,아름동,세종특별자치시 세종특별자치시 아름서1길 13-9,127.242604937173,36.5116713555445,#카페 #세종
세종어진R,어진동,세종특별자치시 세종특별자치시 한누리대로 499,127.261124203922,36.5080726969713,#카페 #세종
세종충남대학교병원,도담동,세종특별자치시 세종특별자치시 보듬7로 20,127.257947245099,36.5195152466461,#카페 #세종
세종다정DT,다정동,세종특별자치시 세종특별자치시 다정북로 219,127.254551296487,36.4950652071333,#카페 #세종
세종첫마을,나성동,세종특별자치시 세종특별자치시 한누리대로 169,127.261811893375,36.4802344686008,#카페 #세종
디저트39세종나성점,나성동,세종특별자치시 세종특별자치시 나성로 96,127.26100060885,36.487878065118,#카페 #세종
감성세종,어진동,세종특별자치시 세종특별자치시 도움8로 87,127.271146917779,36.504409673954,#카페 #세종
우주커피,어진동,세종특별자치시 세종특별자치시 도움8로 81,127.270599994927,36.504419927287,#카페 #세종
세종청사,어진동,세종특별자치시 세종특별자치시 도움8로 81,127.270599994927,36.504419927287,#카페 #세종
텐퍼센트커피세종,보람동,세종특별자치시 세종특별자치시 한누리대로 2144,127.28796311288,36.4787864444893,#카페 #세종
투썸플레이스세종반곡수변점,반곡동,세종특별자치시 세종특별자치시 시청대로 537,127.317517381949,36.4993839829642,#카페 #세종
아이에떼커피세종,보람동,세종특별자치시 세종특별자치시 호려울로 51,127.28935486026,36.4779540124452,#카페 #세종
아넥스커피,나성동,세종특별자치시 세종특별자치시 나성북로 30,127.260245709996,36.4890692415853,#카페 #세종
봉명동내커피,다정동,세종특별자치시 세종특별자치시 다정서로 60,127.245321795234,36.4952918070305,#카페 #세종
세종예술의전당,나성동,세종특별자치시 세종특별자치시 나성동로 6,127.269668338798,36.4868314715979,#카페 #세종
파스쿠찌세종,소담동,세종특별자치시 세종특별자치시 소담로 87,127.301881718926,36.4854836909089,#카페 #세종
텐퍼센트세종해피라움점,아름동,세종특별자치시 세종특별자치시 보듬3로 100,127.248622929287,36.5119473342446,#카페 #세종
백억커피,조치원읍,세종특별자치시 세종특별자치시 조치원읍 대첩로 75,127.287923964162,36.5947284182185,#카페 #세종
히스피커피세종,보람동,세종특별자치시 세종특별자치시 호려울로 51,127.28935486026,36.4779540124452,#카페 #세종
3-3커피익스프레스,반곡동,세종특별자치시 세종특별자치시 국책연구원3로 6,127.303771018694,36.4920483252509,#카페 #세종
세종예술의전당,나성동,세종특별자치시 세종특별자치시 나성동로 6,127.269668338798,36.4868314715979,#카페 #세종
메가엠지씨커피세종,보람동,세종특별자치시 세종특별자치시 남세종로 458,127.2892398592,36.4770351097705,#카페 #세종
세종이마트,가람동,세종특별자치시 세종특별자치시 금송로 687,127.2509910659,36.4708946721917,#카페 #세종
세종새롬,새롬동,세종특별자치시 세종특별자치시 새롬중앙로 64,127.250997202613,36.486637906097,#카페 #세종
쌀&밤,나성동,세종특별자치시 세종특별자치시 국세청로 45,127.262524993243,36.4898392436651,#카페 #세종
텐퍼센트스페셜티커피세종해밀점,해밀동,세종특별자치시 세종특별자치시 해밀3로 43,127.26448707171,36.5285845354515,#카페 #세종
메가엠지씨커피,다정동,세종특별자치시 세종특별자치시 다정중앙로 52,127.249261325541,36.4951845146361,#카페 #세종
카페에덴,금남면,세종특별자치시 세종특별자치시 금남면 금남구즉로 336,127.31354302877,36.4798033650641,#카페 #세종
감성커피서창고대점,조치원읍,세종특별자치시 세종특별자치시 조치원읍 내창1길 34,127.290176963376,36.608465332183,#카페 #세종
크리미름,해밀동,세종특별자치시 세종특별자치시 해밀3로 32,127.26723630929,36.5292903165625,#카페 #세종
손흘림커피,나성동,세종특별자치시 세종특별자치시 한누리대로 194,127.261461561141,36.4822448198422,#카페 #세종
미라클,장군면,세종특별자치시 세종특별자치시 장군면 월현윗길 38-15,127.22393707389,36.5030387471997,#카페 #세종
커피랑부동산중개,보람동,세종특별자치시 세종특별자치시 시청대로 137,127.286773587994,36.4799968608105,#카페 #세종
